_key_,_dataset_id_,_seconds_,Z_AB,__file__,_forecast_steps_derived_,Modelo,group_msec,seconds_ahead,timesteps_orig,Epochs,units_range,batch_size,Z_BA,DeltaZ,Score_robusto,dAB,dBA
GRU|100|3.0|60|20|32-96:32|512,rssi_odom_dataset_11apr25_isolado.parquet→rssi_odom_dataset_12apr25_isolado,3.0,1.8322384693552123,Resultados_Testes_2DS1112_DoE_full_288.xlsx,30,GRU,100,3.0,60,20,32-96:32,512,0.19021841172308054,1.6420200576321318,0.5797937333463595,0.7723260621482739,0.5316606511458809
LSTM|100|3.0|60|20|64-256:64|1024,rssi_odom_dataset_11apr25_isolado.parquet→rssi_odom_dataset_12apr25_isolado,3.0,1.8140092793544271,Resultados_Testes_2DS1112_DoE_full_288.xlsx,30,LSTM,100,3.0,60,20,64-256:64,1024,0.16688285407642314,1.647126425278004,0.5762645368896202,0.77018206378146,0.5277851551666602
GRU|100|3.0|120|20|64-256:64|1024,rssi_odom_dataset_11apr25_isolado.parquet→rssi_odom_dataset_12apr25_isolado,3.0,1.8126158613929084,Resultados_Testes_2DS1112_DoE_full_288.xlsx,30,GRU,100,3.0,120,20,64-256:64,1024,0.1451900214265504,1.667425839966358,0.5733470889986078,0.7700175976604043,0.5241794618331586
GRU|100|3.0|60|20|16-64:16|1024,rssi_odom_dataset_11apr25_isolado.parquet→rssi_odom_dataset_12apr25_isolado,3.0,1.7855983534415107,Resultados_Testes_2DS1112_DoE_full_288.xlsx,30,GRU,100,3.0,60,20,16-64:16,1024,0.06849063242004602,1.7171077210214647,0.5624929780486063,0.7668123999952904,0.5114131225619353
GRU|100|3.0|120|20|32-96:32|512,rssi_odom_dataset_11apr25_isolado.parquet→rssi_odom_dataset_12apr25_isolado,3.0,1.7504408661689927,Resultados_Testes_2DS1112_DoE_full_288.xlsx,30,GRU,100,3.0,120,20,32-96:32,512,-0.046349749369775775,1.7967906155387685,0.5463395623851451,0.7625951864777676,0.49227565636198956
GRU|100|3.0|120|20|16-64:16|1024,rssi_odom_dataset_11apr25_isolado.parquet→rssi_odom_dataset_12apr25_isolado,3.0,1.700038474902106,Resultados_Testes_2DS1112_DoE_full_288.xlsx,30,GRU,100,3.0,120,20,16-64:16,1024,-1.0456740061770422,2.7457124810791482,0.4172532163089351,0.7564582547275116,0.33245195670429084
LSTM|100|3.0|120|20|64-256:64|2048,rssi_odom_dataset_11apr25_isolado.parquet→rssi_odom_dataset_12apr25_isolado,3.0,1.69594942891562,Resultados_Testes_2DS1112_DoE_full_288.xlsx,30,LSTM,100,3.0,120,20,64-256:64,2048,-0.3398521847564306,2.0358016136720507,0.5060703641206674,0.7559556893407481,0.44359903281564733
GRU|100|3.0|120|20|64-256:64|512,rssi_odom_dataset_11apr25_isolado.parquet→rssi_odom_dataset_12apr25_isolado,3.0,1.678411119107769,Resultados_Testes_2DS1112_DoE_full_288.xlsx,30,GRU,100,3.0,120,20,64-256:64,512,-0.08750503907142257,1.7659161581791916,0.5390944057322581,0.7537921828650498,0.4854199614490602
GRU|100|3.0|60|20|64-256:64|1024,rssi_odom_dataset_11apr25_isolado.parquet→rssi_odom_dataset_12apr25_isolado,3.0,1.6640809554430913,Resultados_Testes_2DS1112_DoE_full_288.xlsx,30,GRU,100,3.0,60,20,64-256:64,1024,0.259386453244734,1.4046945021983572,0.5849019089593757,0.7520148682522537,0.5431236691361563
GRU|100|3.0|60|20|64-256:64|2048,rssi_odom_dataset_11apr25_isolado.parquet→rssi_odom_dataset_12apr25_isolado,3.0,1.6502502782911679,Resultados_Testes_2DS1112_DoE_full_288.xlsx,30,GRU,100,3.0,60,20,64-256:64,2048,-0.14971322240103838,1.7999635006922063,0.5301130652516763,0.7502913673651775,0.475068489723301
LSTM|100|3.0|120|20|16-64:16|512,rssi_odom_dataset_11apr25_isolado.parquet→rssi_odom_dataset_12apr25_isolado,3.0,1.6223057321098608,Resultados_Testes_2DS1112_DoE_full_288.xlsx,30,LSTM,100,3.0,120,20,16-64:16,512,-0.007844334368345163,1.630150066478206,0.5483110442079608,0.7467847653671281,0.4986926139181689
LSTM|100|3.0|120|20|32-96:32|2048,rssi_odom_dataset_11apr25_isolado.parquet→rssi_odom_dataset_12apr25_isolado,3.0,1.5770305713971582,Resultados_Testes_2DS1112_DoE_full_288.xlsx,30,LSTM,100,3.0,120,20,32-96:32,2048,-0.2562140961494093,1.8332446675465675,0.5141278903340031,0.7410347647372646,0.4574011717331877
GRU|100|3.0|60|20|64-256:64|512,rssi_odom_dataset_11apr25_isolado.parquet→rssi_odom_dataset_12apr25_isolado,3.0,1.5556950985522737,Resultados_Testes_2DS1112_DoE_full_288.xlsx,30,GRU,100,3.0,60,20,64-256:64,512,0.2141342393299572,1.3415608592223165,0.5761620167997727,0.7382958708549265,0.5356285532859842
LSTM|100|3.0|60|150|64-256:64|2048,rssi_odom_dataset_11apr25_isolado.parquet→rssi_odom_dataset_12apr25_isolado,3.0,1.5495369187644998,Resultados_Testes_2DS1112_DoE_full_288.xlsx,30,LSTM,100,3.0,60,150,64-256:64,2048,0.010129579238095697,1.539407339526404,0.5488509773765031,0.7375018597206964,0.5016882567904547
LSTM|100|3.0|120|20|16-64:16|2048,rssi_odom_dataset_11apr25_isolado.parquet→rssi_odom_dataset_12apr25_isolado,3.0,1.5193850270585636,Resultados_Testes_2DS1112_DoE_full_288.xlsx,30,LSTM,100,3.0,120,20,16-64:16,2048,-1.198239114119871,2.7176241411784345,0.39493972364424346,0.7335918639500827,0.3102766885677836
LSTM|100|3.0|60|20|64-256:64|2048,rssi_odom_dataset_11apr25_isolado.parquet→rssi_odom_dataset_12apr25_isolado,3.0,1.5151841743995793,Resultados_Testes_2DS1112_DoE_full_288.xlsx,30,LSTM,100,3.0,60,20,64-256:64,2048,-2.0600207216257114,3.5752048960252907,0.30827251755894125,0.7330441773690459,0.20207960260641514
LSTM|100|5.0|60|20|64-256:64|2048,rssi_odom_dataset_11apr25_isolado.parquet→rssi_odom_dataset_12apr25_isolado,5.0,1.9721090292568577,Resultados_Testes_2DS1112_DoE_full_288.xlsx,50,LSTM,100,5.0,60,20,64-256:64,2048,-0.39887674692253255,2.37098577617939,0.5047886558193956,0.7883051404402456,0.4339095346641831
LSTM|100|3.0|120|20|32-96:32|512,rssi_odom_dataset_11apr25_isolado.parquet→rssi_odom_dataset_12apr25_isolado,3.0,1.4435953234861945,Resultados_Testes_2DS1112_DoE_full_288.xlsx,30,LSTM,100,3.0,120,20,32-96:32,512,0.14694774571410585,1.2966475777720885,0.5642976668067232,0.7236014441589201,0.524471722468674
GRU|100|3.0|120|20|16-64:16|512,rssi_odom_dataset_11apr25_isolado.parquet→rssi_odom_dataset_12apr25_isolado,3.0,1.4310953560102522,Resultados_Testes_2DS1112_DoE_full_288.xlsx,30,GRU,100,3.0,120,20,16-64:16,512,0.11536684150451072,1.3157285145057414,0.5597609994523676,0.7219316601642933,0.519218334274386
LSTM|100|3.0|120|20|64-256:64|512,rssi_odom_dataset_11apr25_isolado.parquet→rssi_odom_dataset_12apr25_isolado,3.0,1.4206314100516635,Resultados_Testes_2DS1112_DoE_full_288.xlsx,30,LSTM,100,3.0,120,20,64-256:64,512,-0.0196622149418247,1.4402936249934881,0.5414842279177359,0.720529095195953,0.49672301109818173
LSTM|100|3.0|60|20|64-256:64|512,rssi_odom_dataset_11apr25_isolado.parquet→rssi_odom_dataset_12apr25_isolado,3.0,1.387546573863271,Resultados_Testes_2DS1112_DoE_full_288.xlsx,30,LSTM,100,3.0,60,20,64-256:64,512,-0.1000088738576246,1.4875554477208957,0.5298836422069071,0.7160661066483199,0.4833380260965539
GRU|100|3.0|60|20|16-64:16|512,rssi_odom_dataset_11apr25_isolado.parquet→rssi_odom_dataset_12apr25_isolado,3.0,1.3616339184388535,Resultados_Testes_2DS1112_DoE_full_288.xlsx,30,GRU,100,3.0,60,20,16-64:16,512,-0.11668688272999218,1.4783208011688458,0.5269577381766413,0.7125407404135347,0.480561987617418
GRU|100|5.0|120|20|32-96:32|1024,rssi_odom_dataset_11apr25_isolado.parquet→rssi_odom_dataset_12apr25_isolado,5.0,1.8581698266591864,Resultados_Testes_2DS1112_DoE_full_288.xlsx,50,GRU,100,5.0,120,20,32-96:32,1024,0.4986219906953456,1.3595478359638409,0.6209477405597374,0.7753515640921296,0.5823467846766395
LSTM|100|5.0|120|150|16-64:16|2048,rssi_odom_dataset_11apr25_isolado.parquet→rssi_odom_dataset_12apr25_isolado,5.0,1.845016992074266,Resultados_Testes_2DS1112_DoE_full_288.xlsx,50,LSTM,100,5.0,120,150,16-64:16,2048,0.08381393931087736,1.7612030527633886,0.5659363966761402,0.773820556936913,0.5139653566109469
GRU|100|3.0|60|150|16-64:16|2048,rssi_odom_dataset_11apr25_isolado.parquet→rssi_odom_dataset_12apr25_isolado,3.0,1.3092574308765659,Resultados_Testes_2DS1112_DoE_full_288.xlsx,30,GRU,100,3.0,60,150,16-64:16,2048,0.007038008184432789,1.302219422692133,0.5420055879962049,0.7053359431325587,0.5011729992121164
LSTM|100|5.0|120|20|32-96:32|1024,rssi_odom_dataset_11apr25_isolado.parquet→rssi_odom_dataset_12apr25_isolado,5.0,1.7849554966093424,Resultados_Testes_2DS1112_DoE_full_288.xlsx,50,LSTM,100,5.0,120,20,32-96:32,1024,0.11438784940484083,1.6705676472045015,0.5685914779392619,0.7667357579225338,0.519055407943444
GRU|40|3.0|120|20|32-96:32|512,rssi_odom_dataset_11apr25_isolado.parquet→rssi_odom_dataset_12apr25_isolado,3.0,1.274948249926376,Resultados_Testes_2DS1112_DoE_full_288.xlsx,75,GRU,40,3.0,120,20,32-96:32,512,-0.3670614820052042,1.6420097319315803,0.49141322218451966,0.700559905251262,0.43912655141783397
GRU|100|5.0|120|20|32-96:32|512,rssi_odom_dataset_11apr25_isolado.parquet→rssi_odom_dataset_12apr25_isolado,5.0,1.7776144937986003,Resultados_Testes_2DS1112_DoE_full_288.xlsx,50,GRU,100,5.0,120,20,32-96:32,512,0.5133130037063905,1.2643014900922096,0.6209534107616289,0.7658593133598773,0.5847269351120667
LSTM|100|5.0|60|20|32-96:32|1024,rssi_odom_dataset_11apr25_isolado.parquet→rssi_odom_dataset_12apr25_isolado,5.0,1.7744153675067544,Resultados_Testes_2DS1112_DoE_full_288.xlsx,50,LSTM,100,5.0,60,20,32-96:32,1024,0.5154311689000963,1.2589841986066581,0.6211511584452075,0.765476654153166,0.5850697845182179
LSTM|100|5.0|60|20|64-256:64|1024,rssi_odom_dataset_11apr25_isolado.parquet→rssi_odom_dataset_12apr25_isolado,5.0,1.7585848619345685,Resultados_Testes_2DS1112_DoE_full_288.xlsx,50,LSTM,100,5.0,60,20,64-256:64,1024,0.6543303901258751,1.1042544718086935,0.6386017676443106,0.7635767311162095,0.607358026776336
GRU|100|5.0|120|20|64-256:64|1024,rssi_odom_dataset_11apr25_isolado.parquet→rssi_odom_dataset_12apr25_isolado,5.0,1.750516999103831,Resultados_Testes_2DS1112_DoE_full_288.xlsx,50,GRU,100,5.0,120,20,64-256:64,1024,0.5940924950284457,1.1564245040753853,0.6307137276389917,0.7626043752842263,0.5977410657276829
GRU|100|5.0|60|20|16-64:16|1024,rssi_odom_dataset_11apr25_isolado.parquet→rssi_odom_dataset_12apr25_isolado,5.0,1.7172463655778045,Resultados_Testes_2DS1112_DoE_full_288.xlsx,50,GRU,100,5.0,60,20,16-64:16,1024,0.14386109906963043,1.573385266508174,0.5708798895175223,0.7585654955039932,0.5239584880209047
GRU|100|3.0|60|20|32-96:32|2048,rssi_odom_dataset_11apr25_isolado.parquet→rssi_odom_dataset_12apr25_isolado,3.0,1.2138462244020247,Resultados_Testes_2DS1112_DoE_full_288.xlsx,30,GRU,100,3.0,60,20,32-96:32,2048,-0.872219320237573,2.086065544639598,0.42526289118976457,0.6919455716951899,0.3585922210634082
LSTM|100|3.0|60|20|32-96:32|1024,rssi_odom_dataset_11apr25_isolado.parquet→rssi_odom_dataset_12apr25_isolado,3.0,1.209003363488952,Resultados_Testes_2DS1112_DoE_full_288.xlsx,30,LSTM,100,3.0,60,20,32-96:32,1024,0.1007398312077254,1.1082635322812266,0.5516783216302176,0.69125695274412,0.5167836638517419
GRU|40|3.0|60|20|32-96:32|512,rssi_odom_dataset_11apr25_isolado.parquet→rssi_odom_dataset_12apr25_isolado,3.0,1.1794264975850794,Resultados_Testes_2DS1112_DoE_full_288.xlsx,75,GRU,40,3.0,60,20,32-96:32,512,0.06579364237136391,1.1136328552137156,0.5461776691150358,0.6870329482648226,0.5109638493275891
GRU|40|5.0|120|20|32-96:32|2048,rssi_odom_dataset_11apr25_isolado.parquet→rssi_odom_dataset_12apr25_isolado,5.0,1.6725233919226046,Resultados_Testes_2DS1112_DoE_full_288.xlsx,125,GRU,40,5.0,120,20,32-96:32,2048,0.22643204984329557,1.446091342079309,0.5807463375112651,0.7530629903937224,0.5376671742906509
GRU|100|5.0|60|20|64-256:64|512,rssi_odom_dataset_11apr25_isolado.parquet→rssi_odom_dataset_12apr25_isolado,5.0,1.6686845303672246,Resultados_Testes_2DS1112_DoE_full_288.xlsx,50,GRU,100,5.0,60,20,64-256:64,512,0.5628934552943365,1.105791075072888,0.6247012910985297,0.7525867680101107,0.5927299218706344
GRU|100|3.0|60|20|32-96:32|1024,rssi_odom_dataset_11apr25_isolado.parquet→rssi_odom_dataset_12apr25_isolado,3.0,1.1118728441968386,Resultados_Testes_2DS1112_DoE_full_288.xlsx,30,GRU,100,3.0,60,20,32-96:32,1024,-0.30507479788230546,1.416947642079144,0.4949167619787932,0.6772688221872595,0.4493287469266766
GRU|100|3.0|60|150|16-64:16|1024,rssi_odom_dataset_11apr25_isolado.parquet→rssi_odom_dataset_12apr25_isolado,3.0,1.111665037197086,Resultados_Testes_2DS1112_DoE_full_288.xlsx,30,GRU,100,3.0,60,150,16-64:16,1024,0.06132433146976146,1.0503407057273244,0.5436231469303677,0.6772385403943821,0.5102192985643641
GRU|100|3.0|120|150|64-256:64|2048,rssi_odom_dataset_11apr25_isolado.parquet→rssi_odom_dataset_12apr25_isolado,3.0,1.1067229438184543,Resultados_Testes_2DS1112_DoE_full_288.xlsx,30,GRU,100,3.0,120,150,64-256:64,2048,0.07157565081896997,1.0351472929994843,0.5448451971168339,0.6765179369855502,0.5119270121496547
GRU|100|5.0|120|20|32-96:32|2048,rssi_odom_dataset_11apr25_isolado.parquet→rssi_odom_dataset_12apr25_isolado,5.0,1.6066127481150168,Resultados_Testes_2DS1112_DoE_full_288.xlsx,50,GRU,100,5.0,120,20,32-96:32,2048,0.23826314312542057,1.3683496049895962,0.5806620576916041,0.7448013287821632,0.5396272399189642
GRU|100|3.0|120|150|32-96:32|1024,rssi_odom_dataset_11apr25_isolado.parquet→rssi_odom_dataset_12apr25_isolado,3.0,1.1005790174220977,Resultados_Testes_2DS1112_DoE_full_288.xlsx,30,GRU,100,3.0,120,150,32-96:32,1024,0.05935425504528349,1.0412247623768143,0.5430370534347597,0.6756209259833168,0.5098910852976205
GRU|100|3.0|60|150|64-256:64|2048,rssi_odom_dataset_11apr25_isolado.parquet→rssi_odom_dataset_12apr25_isolado,3.0,1.0926645960983448,Resultados_Testes_2DS1112_DoE_full_288.xlsx,30,GRU,100,3.0,60,150,64-256:64,2048,0.029653119818518363,1.0630114762798264,0.5388463247058405,0.674463520766046,0.5049420256907892
LSTM|100|3.0|120|20|32-96:32|1024,rssi_odom_dataset_11apr25_isolado.parquet→rssi_odom_dataset_12apr25_isolado,3.0,1.0866633960470315,Resultados_Testes_2DS1112_DoE_full_288.xlsx,30,LSTM,100,3.0,120,20,32-96:32,1024,0.10635051681531406,0.9803128792317175,0.5488910283524712,0.6735844827984545,0.5177176647409754
GRU|100|5.0|120|20|16-64:16|1024,rssi_odom_dataset_11apr25_isolado.parquet→rssi_odom_dataset_12apr25_isolado,5.0,1.5654737023481167,Resultados_Testes_2DS1112_DoE_full_288.xlsx,50,GRU,100,5.0,120,20,16-64:16,1024,-0.875897622819191,2.4413713251673075,0.43433341987232243,0.739553495185784,0.358028401043957
GRU|100|5.0|120|20|64-256:64|2048,rssi_odom_dataset_11apr25_isolado.parquet→rssi_odom_dataset_12apr25_isolado,5.0,1.5648869227367672,Resultados_Testes_2DS1112_DoE_full_288.xlsx,50,GRU,100,5.0,120,20,64-256:64,2048,-0.4915978000517632,2.0564847227885306,0.48292970566033805,0.7394781400984132,0.4187925970508192
GRU|40|5.0|120|20|32-96:32|512,rssi_odom_dataset_11apr25_isolado.parquet→rssi_odom_dataset_12apr25_isolado,5.0,1.559484205799092,Resultados_Testes_2DS1112_DoE_full_288.xlsx,125,GRU,40,5.0,120,20,32-96:32,512,0.32927704980125766,1.2302071559978345,0.5914848796435946,0.7387836520757953,0.5546601865355444
GRU|40|3.0|120|20|32-96:32|2048,rssi_odom_dataset_11apr25_isolado.parquet→rssi_odom_dataset_12apr25_isolado,3.0,1.0486054709356718,Resultados_Testes_2DS1112_DoE_full_288.xlsx,75,GRU,40,3.0,120,20,32-96:32,2048,0.1702098749747607,0.8783955959609111,0.5562666529314204,0.6679816165843229,0.5283379120181948
GRU|40|3.0|60|20|64-256:64|2048,rssi_odom_dataset_11apr25_isolado.parquet→rssi_odom_dataset_12apr25_isolado,3.0,1.044985176382962,Resultados_Testes_2DS1112_DoE_full_288.xlsx,75,GRU,40,3.0,60,20,64-256:64,2048,0.0803181337033985,0.9646670426795636,0.544195750922034,0.6674461218690934,0.5133831581852691
GRU|100|3.0|120|150|32-96:32|512,rssi_odom_dataset_11apr25_isolado.parquet→rssi_odom_dataset_12apr25_isolado,3.0,1.0288548694294113,Resultados_Testes_2DS1112_DoE_full_288.xlsx,30,GRU,100,3.0,120,150,32-96:32,512,-0.11552027693488677,1.1443751463642982,0.5176158977272893,0.6650549646986619,0.4807561309844462
GRU|40|5.0|60|20|16-64:16|2048,rssi_odom_dataset_11apr25_isolado.parquet→rssi_odom_dataset_12apr25_isolado,5.0,1.5253543052918548,Resultados_Testes_2DS1112_DoE_full_288.xlsx,125,GRU,40,5.0,60,20,16-64:16,2048,0.4086838268302375,1.1166704784616173,0.6010303525808719,0.7343688772547736,0.5676957214123964
GRU|100|5.0|60|20|64-256:64|1024,rssi_odom_dataset_11apr25_isolado.parquet→rssi_odom_dataset_12apr25_isolado,5.0,1.5094475614785603,Resultados_Testes_2DS1112_DoE_full_288.xlsx,50,GRU,100,5.0,60,20,64-256:64,1024,0.6687165783520451,0.8407309831265152,0.6341732731069941,0.7322951105766308,0.6096428137395848
LSTM|100|5.0|60|20|16-64:16|512,rssi_odom_dataset_11apr25_isolado.parquet→rssi_odom_dataset_12apr25_isolado,5.0,1.4745392867304299,Resultados_Testes_2DS1112_DoE_full_288.xlsx,50,LSTM,100,5.0,60,20,16-64:16,512,0.21583919942834356,1.2587000873020864,0.5742706603749066,0.7277082659569527,0.5359112589793951
LSTM|100|5.0|60|20|16-64:16|1024,rssi_odom_dataset_11apr25_isolado.parquet→rssi_odom_dataset_12apr25_isolado,5.0,1.4723040441442627,Resultados_Testes_2DS1112_DoE_full_288.xlsx,50,LSTM,100,5.0,60,20,16-64:16,1024,0.5594310318715084,0.9128730122727543,0.6192206429995462,0.7274128918101948,0.5921725807968841
LSTM|100|3.0|60|20|32-96:32|512,rssi_odom_dataset_11apr25_isolado.parquet→rssi_odom_dataset_12apr25_isolado,3.0,0.9641149966218998,Resultados_Testes_2DS1112_DoE_full_288.xlsx,30,LSTM,100,3.0,60,20,32-96:32,512,0.037417424384513454,0.9266975722373864,0.5360633973933806,0.655373330797378,0.5062359140423812
GRU|100|5.0|120|20|64-256:64|512,rssi_odom_dataset_11apr25_isolado.parquet→rssi_odom_dataset_12apr25_isolado,5.0,1.4139961570772521,Resultados_Testes_2DS1112_DoE_full_288.xlsx,50,GRU,100,5.0,120,20,64-256:64,512,0.6098814916185648,0.8041146654586874,0.6241430019376085,0.7196374799075769,0.6002693824451165
GRU|100|3.0|120|20|32-96:32|2048,rssi_odom_dataset_11apr25_isolado.parquet→rssi_odom_dataset_12apr25_isolado,3.0,0.9101873169589668,Resultados_Testes_2DS1112_DoE_full_288.xlsx,30,GRU,100,3.0,120,20,32-96:32,2048,-0.170336630998562,1.0805239479575288,0.5067545365305289,0.6472085631000403,0.47164102988815115
LSTM|100|3.0|120|20|64-256:64|1024,rssi_odom_dataset_11apr25_isolado.parquet→rssi_odom_dataset_12apr25_isolado,3.0,0.9045930665153572,Resultados_Testes_2DS1112_DoE_full_288.xlsx,30,LSTM,100,3.0,120,20,64-256:64,1024,-1.710732187298352,2.615325253813709,0.3230559097368239,0.6463565408591648,0.24223075195623864
GRU|40|3.0|120|20|64-256:64|2048,rssi_odom_dataset_11apr25_isolado.parquet→rssi_odom_dataset_12apr25_isolado,3.0,0.8874413308206249,Resultados_Testes_2DS1112_DoE_full_288.xlsx,75,GRU,40,3.0,120,20,64-256:64,2048,-0.048636524288861525,0.9360778551094865,0.522263397170984,0.6437384949323616,0.49189462273063966
LSTM|100|5.0|120|20|64-256:64|512,rssi_odom_dataset_11apr25_isolado.parquet→rssi_odom_dataset_12apr25_isolado,5.0,1.3749436765420449,Resultados_Testes_2DS1112_DoE_full_288.xlsx,50,LSTM,100,5.0,120,20,64-256:64,512,0.5091154382155529,0.8658282383264919,0.6101087685125663,0.7143547676086356,0.584047268738549
LSTM|100|5.0|120|20|16-64:16|2048,rssi_odom_dataset_11apr25_isolado.parquet→rssi_odom_dataset_12apr25_isolado,5.0,1.3675213993119575,Resultados_Testes_2DS1112_DoE_full_288.xlsx,50,LSTM,100,5.0,120,20,16-64:16,2048,0.33799114195644614,1.0295302573555114,0.5875445770683039,0.7133440104189792,0.5560947187306351
LSTM|40|3.0|60|20|32-96:32|1024,rssi_odom_dataset_11apr25_isolado.parquet→rssi_odom_dataset_12apr25_isolado,3.0,0.8588430852925888,Resultados_Testes_2DS1112_DoE_full_288.xlsx,75,LSTM,40,3.0,60,20,32-96:32,1024,-0.09940468178844791,0.9582477670810368,0.5146217200940716,0.6393541459741705,0.4834386136240469
GRU|40|3.0|60|20|32-96:32|1024,rssi_odom_dataset_11apr25_isolado.parquet→rssi_odom_dataset_12apr25_isolado,3.0,0.8498944560835028,Resultados_Testes_2DS1112_DoE_full_288.xlsx,75,GRU,40,3.0,60,20,32-96:32,1024,0.010957590106409688,0.838936865977093,0.5290564894597344,0.6379774197131012,0.5018262568963926
GRU|100|3.0|120|20|64-256:64|2048,rssi_odom_dataset_11apr25_isolado.parquet→rssi_odom_dataset_12apr25_isolado,3.0,0.8387482983258104,Resultados_Testes_2DS1112_DoE_full_288.xlsx,30,GRU,100,3.0,120,20,64-256:64,2048,-0.2151045512115073,1.0538528495373178,0.4986203300479482,0.6362594385619391,0.4642105529194505
GRU|100|5.0|60|20|32-96:32|2048,rssi_odom_dataset_11apr25_isolado.parquet→rssi_odom_dataset_12apr25_isolado,5.0,1.3362178283064197,Resultados_Testes_2DS1112_DoE_full_288.xlsx,50,GRU,100,5.0,60,20,32-96:32,2048,-0.9440894308015642,2.2803072591079836,0.41993009489490624,0.7090576888213894,0.3476481964132854
GRU|100|3.0|120|150|32-96:32|2048,rssi_odom_dataset_11apr25_isolado.parquet→rssi_odom_dataset_12apr25_isolado,3.0,0.8362586188585904,Resultados_Testes_2DS1112_DoE_full_288.xlsx,30,GRU,100,3.0,120,150,32-96:32,2048,0.0705406805471989,0.7657179383113916,0.5365787354403487,0.6358752218231766,0.5117546138446418
LSTM|100|3.0|60|20|16-64:16|2048,rssi_odom_dataset_11apr25_isolado.parquet→rssi_odom_dataset_12apr25_isolado,3.0,0.8267362536678908,Resultados_Testes_2DS1112_DoE_full_288.xlsx,30,LSTM,100,3.0,60,20,16-64:16,2048,-0.9379877810818319,1.7647240347497228,0.40573785302980897,0.6344040987060571,0.34857129161074696
GRU|100|5.0|60|20|16-64:16|512,rssi_odom_dataset_11apr25_isolado.parquet→rssi_odom_dataset_12apr25_isolado,5.0,1.2432924774823486,Resultados_Testes_2DS1112_DoE_full_288.xlsx,50,GRU,100,5.0,60,20,16-64:16,512,-0.43727807395236196,1.6805705514347107,0.4813285164333117,0.6961141782653638,0.42763210097529863
LSTM|40|5.0|60|20|32-96:32|2048,rssi_odom_dataset_11apr25_isolado.parquet→rssi_odom_dataset_12apr25_isolado,5.0,1.2349224550595608,Resultados_Testes_2DS1112_DoE_full_288.xlsx,125,LSTM,40,5.0,60,20,32-96:32,2048,0.35059834796814293,0.8843241070914178,0.5855212857178935,0.6949324961325586,0.5581684831142273
LSTM|100|3.0|60|150|32-96:32|512,rssi_odom_dataset_11apr25_isolado.parquet→rssi_odom_dataset_12apr25_isolado,3.0,0.7276536098840973,Resultados_Testes_2DS1112_DoE_full_288.xlsx,30,LSTM,100,3.0,60,150,32-96:32,512,-0.0012935270657745634,0.7289471369498719,0.5236179312815501,0.6189520077314931,0.49978441216906433
GRU|40|5.0|120|20|64-256:64|512,rssi_odom_dataset_11apr25_isolado.parquet→rssi_odom_dataset_12apr25_isolado,5.0,1.2212770726884756,Resultados_Testes_2DS1112_DoE_full_288.xlsx,125,GRU,40,5.0,120,20,64-256:64,512,-0.012113228755812718,1.2333903014442884,0.5369850164330197,0.6930005241167208,0.49798113951209433
GRU|40|3.0|60|20|64-256:64|1024,rssi_odom_dataset_11apr25_isolado.parquet→rssi_odom_dataset_12apr25_isolado,3.0,0.6917287454772556,Resultados_Testes_2DS1112_DoE_full_288.xlsx,75,GRU,40,3.0,60,20,64-256:64,1024,-0.1355000754830718,0.8272288209603273,0.5046031077377744,0.6132875448228166,0.47743199846651374
LSTM|40|5.0|60|20|16-64:16|512,rssi_odom_dataset_11apr25_isolado.parquet→rssi_odom_dataset_12apr25_isolado,5.0,1.1795003674267521,Resultados_Testes_2DS1112_DoE_full_288.xlsx,125,LSTM,40,5.0,60,20,16-64:16,512,0.10303595506756424,1.0764644123591878,0.5511414354737038,0.6870435370976711,0.5171659100677118
LSTM|40|3.0|120|20|32-96:32|1024,rssi_odom_dataset_11apr25_isolado.parquet→rssi_odom_dataset_12apr25_isolado,3.0,0.6745048735514876,Resultados_Testes_2DS1112_DoE_full_288.xlsx,75,LSTM,40,3.0,120,20,32-96:32,1024,0.07180976782138764,0.6026951057301,0.5316849576165954,0.6105607505840853,0.5119660093747229
LSTM|40|3.0|60|20|16-64:16|2048,rssi_odom_dataset_11apr25_isolado.parquet→rssi_odom_dataset_12apr25_isolado,3.0,0.6702938614095372,Resultados_Testes_2DS1112_DoE_full_288.xlsx,75,LSTM,40,3.0,60,20,16-64:16,2048,0.034826386374069596,0.6354674750354676,0.5266219144927545,0.6098930244576696,0.5058041370015257
GRU|100|3.0|120|20|32-96:32|1024,rssi_odom_dataset_11apr25_isolado.parquet→rssi_odom_dataset_12apr25_isolado,3.0,0.6678007692124747,Resultados_Testes_2DS1112_DoE_full_288.xlsx,30,GRU,100,3.0,120,20,32-96:32,1024,0.09212893051960078,0.5756718386928739,0.534179499054082,0.6094975087887751,0.5153499966204088
GRU|100|3.0|60|150|64-256:64|512,rssi_odom_dataset_11apr25_isolado.parquet→rssi_odom_dataset_12apr25_isolado,3.0,0.6668289316080184,Resultados_Testes_2DS1112_DoE_full_288.xlsx,30,GRU,100,3.0,60,150,64-256:64,512,0.11163884102455239,0.555190090583466,0.5367469701816248,0.6093432929500532,0.5185978894895177
LSTM|100|5.0|60|150|16-64:16|2048,rssi_odom_dataset_11apr25_isolado.parquet→rssi_odom_dataset_12apr25_isolado,5.0,1.159344522706677,Resultados_Testes_2DS1112_DoE_full_288.xlsx,50,LSTM,100,5.0,60,150,16-64:16,2048,0.2361668561470369,0.9231776665596401,0.5682534470705133,0.6841470987827413,0.5392800341424564
LSTM|40|3.0|60|20|64-256:64|2048,rssi_odom_dataset_11apr25_isolado.parquet→rssi_odom_dataset_12apr25_isolado,3.0,0.6560611232945299,Resultados_Testes_2DS1112_DoE_full_288.xlsx,75,LSTM,40,3.0,60,20,64-256:64,2048,0.039898400106651244,0.6161627231878787,0.5268461029625553,0.6076331495334012,0.5066493413198438
LSTM|100|5.0|120|20|32-96:32|512,rssi_odom_dataset_11apr25_isolado.parquet→rssi_odom_dataset_12apr25_isolado,5.0,1.1504689402539114,Resultados_Testes_2DS1112_DoE_full_288.xlsx,50,LSTM,100,5.0,120,20,32-96:32,512,0.5218973475664606,0.6285715926874509,0.6054661377631196,0.6828670923144093,0.5861158991252972
GRU|100|3.0|60|150|32-96:32|512,rssi_odom_dataset_11apr25_isolado.parquet→rssi_odom_dataset_12apr25_isolado,3.0,0.6443756951918118,Resultados_Testes_2DS1112_DoE_full_288.xlsx,30,GRU,100,3.0,60,150,32-96:32,512,-0.10429574471746253,0.7486714399092743,0.5072543561195212,0.6057742785712035,0.4826243755066006
LSTM|100|5.0|60|150|32-96:32|2048,rssi_odom_dataset_11apr25_isolado.parquet→rssi_odom_dataset_12apr25_isolado,5.0,1.1217152294031514,Resultados_Testes_2DS1112_DoE_full_288.xlsx,50,LSTM,100,5.0,60,150,32-96:32,2048,0.26625653802817256,0.8554586913749789,0.571148222712104,0.6787013553563969,0.5442599395510307
GRU|40|3.0|120|20|16-64:16|2048,rssi_odom_dataset_11apr25_isolado.parquet→rssi_odom_dataset_12apr25_isolado,3.0,0.5984776415808677,Resultados_Testes_2DS1112_DoE_full_288.xlsx,75,GRU,40,3.0,120,20,16-64:16,2048,-0.31491099478116447,0.9133886363620322,0.4778541686032254,0.5984437937286765,0.4477067623218626
GRU|100|5.0|60|150|16-64:16|2048,rssi_odom_dataset_11apr25_isolado.parquet→rssi_odom_dataset_12apr25_isolado,5.0,1.0906721904162728,Resultados_Testes_2DS1112_DoE_full_288.xlsx,50,GRU,100,5.0,60,150,16-64:16,2048,0.31494283063156225,0.7757293597847106,0.576673151458194,0.6741718148554965,0.5522984856088684
GRU|100|3.0|60|150|32-96:32|2048,rssi_odom_dataset_11apr25_isolado.parquet→rssi_odom_dataset_12apr25_isolado,3.0,0.5799336920349552,Resultados_Testes_2DS1112_DoE_full_288.xlsx,30,GRU,100,3.0,60,150,32-96:32,2048,0.11437793157978045,0.4655557604551747,0.5343368782797828,0.5954693619060177,0.5190537573732241
GRU|100|5.0|120|150|16-64:16|2048,rssi_odom_dataset_11apr25_isolado.parquet→rssi_odom_dataset_12apr25_isolado,5.0,1.070767351887762,Resultados_Testes_2DS1112_DoE_full_288.xlsx,50,GRU,100,5.0,120,150,16-64:16,2048,0.07170598697896353,0.9990613649087985,0.5438090149937512,0.6712501851289684,0.5119487224599469
LSTM|100|3.0|60|150|16-64:16|1024,rssi_odom_dataset_11apr25_isolado.parquet→rssi_odom_dataset_12apr25_isolado,3.0,0.5406888406284474,Resultados_Testes_2DS1112_DoE_full_288.xlsx,30,LSTM,100,3.0,60,150,16-64:16,1024,-0.1820992648853011,0.7227881055137484,0.49358019266572684,0.5891515954390812,0.46968734197238826
LSTM|40|3.0|120|150|16-64:16|1024,rssi_odom_dataset_11apr25_isolado.parquet→rssi_odom_dataset_12apr25_isolado,3.0,0.538944470776647,Resultados_Testes_2DS1112_DoE_full_288.xlsx,75,LSTM,40,3.0,120,150,16-64:16,1024,-0.32639770805943263,0.8653421788360796,0.47442523074164517,0.5888700808184777,0.445814018222437
LSTM|100|3.0|120|150|64-256:64|2048,rssi_odom_dataset_11apr25_isolado.parquet→rssi_odom_dataset_12apr25_isolado,3.0,0.5332278634795365,Resultados_Testes_2DS1112_DoE_full_288.xlsx,30,LSTM,100,3.0,120,150,64-256:64,2048,0.039964770748562,0.4932630927309746,0.5229177410825329,0.5879471008770233,0.5066604011339103
LSTM|100|3.0|60|20|32-96:32|2048,rssi_odom_dataset_11apr25_isolado.parquet→rssi_odom_dataset_12apr25_isolado,3.0,0.5160808681876167,Resultados_Testes_2DS1112_DoE_full_288.xlsx,30,LSTM,100,3.0,60,20,32-96:32,2048,-0.1456267928574401,0.6617076610450567,0.49763331680876854,0.585174929331515,0.4757479136780819
LSTM|40|3.0|120|20|64-256:64|1024,rssi_odom_dataset_11apr25_isolado.parquet→rssi_odom_dataset_12apr25_isolado,3.0,0.5082146754766205,Resultados_Testes_2DS1112_DoE_full_288.xlsx,75,LSTM,40,3.0,120,20,64-256:64,1024,-0.0682341032644878,0.5764487787411082,0.507683963325879,0.5839013762144144,0.4886296101037451
LSTM|100|5.0|120|20|64-256:64|1024,rssi_odom_dataset_11apr25_isolado.parquet→rssi_odom_dataset_12apr25_isolado,5.0,1.001852236242253,Resultados_Testes_2DS1112_DoE_full_288.xlsx,50,LSTM,100,5.0,120,20,64-256:64,1024,0.5136740786272601,0.48817815761499295,0.6000349297930306,0.6610331087571755,0.5847853850519945
GRU|40|3.0|60|150|32-96:32|1024,rssi_odom_dataset_11apr25_isolado.parquet→rssi_odom_dataset_12apr25_isolado,3.0,0.49934724725997753,Resultados_Testes_2DS1112_DoE_full_288.xlsx,75,GRU,40,3.0,60,150,32-96:32,1024,-0.2289719586045663,0.7283192058645438,0.4860224250651928,0.582464377446728,0.4619119369698089
LSTM|40|3.0|120|20|16-64:16|1024,rssi_odom_dataset_11apr25_isolado.parquet→rssi_odom_dataset_12apr25_isolado,3.0,0.49679621986342276,Resultados_Testes_2DS1112_DoE_full_288.xlsx,75,LSTM,40,3.0,120,20,16-64:16,1024,-0.07750129494632704,0.5742975148097498,0.5060789349155129,0.5820507135918216,0.4870859902464358
LSTM|100|3.0|120|150|16-64:16|1024,rssi_odom_dataset_11apr25_isolado.parquet→rssi_odom_dataset_12apr25_isolado,3.0,0.48513074220650787,Resultados_Testes_2DS1112_DoE_full_288.xlsx,30,LSTM,100,3.0,120,150,16-64:16,1024,-0.11894875706081616,0.6040794992673241,0.5001799967320635,0.5801576260135417,0.480185589411694
GRU|40|5.0|60|20|16-64:16|1024,rssi_odom_dataset_11apr25_isolado.parquet→rssi_odom_dataset_12apr25_isolado,5.0,0.954662995858708,Resultados_Testes_2DS1112_DoE_full_288.xlsx,125,GRU,40,5.0,60,20,16-64:16,1024,-0.7369469955345309,1.6916099913932388,0.4344600177415566,0.6539487269724225,0.37958784043384014
LSTM|40|3.0|120|20|64-256:64|2048,rssi_odom_dataset_11apr25_isolado.parquet→rssi_odom_dataset_12apr25_isolado,3.0,0.4539665550555364,Resultados_Testes_2DS1112_DoE_full_288.xlsx,75,LSTM,40,3.0,120,20,64-256:64,2048,0.033335322918061606,0.4206312321374748,0.519462292287987,0.5750888274412257,0.5055556584996773
GRU|100|5.0|60|20|32-96:32|512,rssi_odom_dataset_11apr25_isolado.parquet→rssi_odom_dataset_12apr25_isolado,5.0,0.9410410267793244,Resultados_Testes_2DS1112_DoE_full_288.xlsx,50,GRU,100,5.0,60,20,32-96:32,512,0.26716008551106973,0.6738809412682547,0.5659056304120856,0.6518907648118513,0.5444093468121443
LSTM|40|5.0|120|20|32-96:32|512,rssi_odom_dataset_11apr25_isolado.parquet→rssi_odom_dataset_12apr25_isolado,5.0,0.9268006554176021,Resultados_Testes_2DS1112_DoE_full_288.xlsx,125,LSTM,40,5.0,120,20,32-96:32,512,0.2197024632429626,0.7070981921746395,0.5591880640711588,0.6497332992996119,0.5365517552640456
GRU|40|3.0|120|150|16-64:16|2048,rssi_odom_dataset_11apr25_isolado.parquet→rssi_odom_dataset_12apr25_isolado,3.0,0.4263097192086692,Resultados_Testes_2DS1112_DoE_full_288.xlsx,75,GRU,40,3.0,120,150,16-64:16,2048,-0.21863365899685702,0.6449433782055263,0.4850157841907941,0.5705771952982345,0.4636254314139341
LSTM|40|3.0|60|150|32-96:32|2048,rssi_odom_dataset_11apr25_isolado.parquet→rssi_odom_dataset_12apr25_isolado,3.0,0.41974052358543784,Resultados_Testes_2DS1112_DoE_full_288.xlsx,75,LSTM,40,3.0,60,150,32-96:32,2048,-0.20003882527880615,0.619779348864244,0.48726837844509774,0.5695038140291494,0.4667095195490848
LSTM|100|3.0|60|150|64-256:64|1024,rssi_odom_dataset_11apr25_isolado.parquet→rssi_odom_dataset_12apr25_isolado,3.0,0.4131018203969205,Resultados_Testes_2DS1112_DoE_full_288.xlsx,30,LSTM,100,3.0,60,150,64-256:64,1024,-0.027260965925453528,0.440362786322374,0.5100489868788782,0.568418411465743,0.495456630732162
GRU|100|3.0|120|150|16-64:16|512,rssi_odom_dataset_11apr25_isolado.parquet→rssi_odom_dataset_12apr25_isolado,3.0,0.3846347151745364,Resultados_Testes_2DS1112_DoE_full_288.xlsx,30,GRU,100,3.0,120,150,16-64:16,512,-0.16537160741374832,0.5500063225882847,0.49072412255442266,0.5637568188445027,0.47246594848190265
GRU|100|5.0|60|20|32-96:32|1024,rssi_odom_dataset_11apr25_isolado.parquet→rssi_odom_dataset_12apr25_isolado,5.0,0.8763598318464468,Resultados_Testes_2DS1112_DoE_full_288.xlsx,50,GRU,100,5.0,60,20,32-96:32,1024,-0.6704096369497391,1.546769468796186,0.44047937347714244,0.6420424198584418,0.39008861188181754
GRU|40|5.0|60|20|32-96:32|2048,rssi_odom_dataset_11apr25_isolado.parquet→rssi_odom_dataset_12apr25_isolado,5.0,0.8623657205000986,Resultados_Testes_2DS1112_DoE_full_288.xlsx,125,GRU,40,5.0,60,20,32-96:32,2048,0.2423743496065012,0.6199913708935975,0.5602255439640994,0.6398954690457487,0.540308062693687
LSTM|100|5.0|60|20|64-256:64|512,rssi_odom_dataset_11apr25_isolado.parquet→rssi_odom_dataset_12apr25_isolado,5.0,0.8566306901496578,Resultados_Testes_2DS1112_DoE_full_288.xlsx,50,LSTM,100,5.0,60,20,64-256:64,512,0.5504841181670245,0.3061465719826333,0.600387848783732,0.6390139861163959,0.5907313144505659
LSTM|40|5.0|60|20|64-256:64|2048,rssi_odom_dataset_11apr25_isolado.parquet→rssi_odom_dataset_12apr25_isolado,5.0,0.851995430322458,Resultados_Testes_2DS1112_DoE_full_288.xlsx,125,LSTM,40,5.0,60,20,64-256:64,2048,0.4668747108388376,0.38512071948362037,0.5894124072955772,0.6383008542864826,0.577190295547851
LSTM|100|3.0|120|150|32-96:32|2048,rssi_odom_dataset_11apr25_isolado.parquet→rssi_odom_dataset_12apr25_isolado,3.0,0.33122457067284544,Resultados_Testes_2DS1112_DoE_full_288.xlsx,30,LSTM,100,3.0,120,150,32-96:32,2048,-0.0016465246596477595,0.3328710953324932,0.5107766376858153,0.554980871425291,0.49972557925094635
LSTM|40|3.0|60|20|16-64:16|512,rssi_odom_dataset_11apr25_isolado.parquet→rssi_odom_dataset_12apr25_isolado,3.0,0.29322821810467264,Resultados_Testes_2DS1112_DoE_full_288.xlsx,75,LSTM,40,3.0,60,20,16-64:16,512,-0.10727056087380712,0.40049877897847974,0.4954466168228585,0.548716328930868,0.48212918879585615
LSTM|40|3.0|60|20|16-64:16|1024,rssi_odom_dataset_11apr25_isolado.parquet→rssi_odom_dataset_12apr25_isolado,3.0,0.293216782308103,Resultados_Testes_2DS1112_DoE_full_288.xlsx,75,LSTM,40,3.0,60,20,16-64:16,1024,-0.03165355960734479,0.3248703419154478,0.50552257020859,0.5487144410576421,0.4947246024963271
LSTM|100|3.0|120|20|16-64:16|1024,rssi_odom_dataset_11apr25_isolado.parquet→rssi_odom_dataset_12apr25_isolado,3.0,0.27861134244492597,Resultados_Testes_2DS1112_DoE_full_288.xlsx,30,LSTM,100,3.0,120,20,16-64:16,1024,0.050057784522603115,0.22855355792232285,0.515934188447897,0.5463021826791621,0.5083421898900806
GRU|100|3.0|60|150|64-256:64|1024,rssi_odom_dataset_11apr25_isolado.parquet→rssi_odom_dataset_12apr25_isolado,3.0,0.2746852912438048,Resultados_Testes_2DS1112_DoE_full_288.xlsx,30,GRU,100,3.0,60,150,64-256:64,1024,0.026798199885098586,0.24788709135870624,0.5127036730656732,0.5456533739071716,0.5044662478552986
GRU|100|5.0|60|20|64-256:64|2048,rssi_odom_dataset_11apr25_isolado.parquet→rssi_odom_dataset_12apr25_isolado,5.0,0.7653968925001287,Resultados_Testes_2DS1112_DoE_full_288.xlsx,50,GRU,100,5.0,60,20,64-256:64,2048,-0.4239746820461016,1.1893715745462303,0.46881711216992517,0.6248684996645064,0.4298042652962798
GRU|40|3.0|120|150|32-96:32|2048,rssi_odom_dataset_11apr25_isolado.parquet→rssi_odom_dataset_12apr25_isolado,3.0,0.266997944352736,Resultados_Testes_2DS1112_DoE_full_288.xlsx,75,GRU,40,3.0,120,150,32-96:32,2048,-0.013633916154720559,0.28063186050745653,0.5070586642956135,0.5443825363392039,0.49772769628471586
GRU|40|5.0|120|20|16-64:16|512,rssi_odom_dataset_11apr25_isolado.parquet→rssi_odom_dataset_12apr25_isolado,5.0,0.7436937807166953,Resultados_Testes_2DS1112_DoE_full_288.xlsx,125,GRU,40,5.0,120,20,16-64:16,512,0.5354183153587275,0.20827546535796782,0.5949348353293487,0.6214708337818156,0.5883008357162319
GRU|40|5.0|60|20|64-256:64|2048,rssi_odom_dataset_11apr25_isolado.parquet→rssi_odom_dataset_12apr25_isolado,5.0,0.7409641404879193,Resultados_Testes_2DS1112_DoE_full_288.xlsx,125,GRU,40,5.0,60,20,64-256:64,2048,0.47270864282120423,0.268255497666715,0.5867198562374354,0.6210426500712958,0.5781391577789702
GRU|100|5.0|120|150|32-96:32|1024,rssi_odom_dataset_11apr25_isolado.parquet→rssi_odom_dataset_12apr25_isolado,5.0,0.7347089231713166,Resultados_Testes_2DS1112_DoE_full_288.xlsx,50,GRU,100,5.0,120,150,32-96:32,1024,0.43838455425196543,0.2963243689193512,0.582050895223765,0.6200607177695444,0.5725484395873202
LSTM|100|3.0|120|150|32-96:32|1024,rssi_odom_dataset_11apr25_isolado.parquet→rssi_odom_dataset_12apr25_isolado,3.0,0.22563609938581486,Resultados_Testes_2DS1112_DoE_full_288.xlsx,30,LSTM,100,3.0,120,150,32-96:32,1024,-0.419710866026417,0.6453469654122319,0.4519078799368324,0.5375352661191616,0.4305010333912501
LSTM|40|3.0|120|20|32-96:32|512,rssi_odom_dataset_11apr25_isolado.parquet→rssi_odom_dataset_12apr25_isolado,3.0,0.22502188221845576,Resultados_Testes_2DS1112_DoE_full_288.xlsx,75,LSTM,40,3.0,120,20,32-96:32,512,-0.1713625049429255,0.39638438716138125,0.48466317777689216,0.5374334719402839,0.4714706042360442
GRU|100|3.0|120|150|64-256:64|512,rssi_odom_dataset_11apr25_isolado.parquet→rssi_odom_dataset_12apr25_isolado,3.0,0.20658076446252532,Resultados_Testes_2DS1112_DoE_full_288.xlsx,30,GRU,100,3.0,120,150,64-256:64,512,-0.2687753714009996,0.47535613586352493,0.47113402253456854,0.5343758109199632,0.45532357543821983
GRU|40|5.0|120|20|16-64:16|2048,rssi_odom_dataset_11apr25_isolado.parquet→rssi_odom_dataset_12apr25_isolado,5.0,0.6902533203011413,Resultados_Testes_2DS1112_DoE_full_288.xlsx,125,GRU,40,5.0,120,20,16-64:16,2048,-0.44426656211727056,1.1345198824184117,0.463804558913156,0.6130542384524299,0.42649213902833755
GRU|40|3.0|60|150|16-64:16|2048,rssi_odom_dataset_11apr25_isolado.parquet→rssi_odom_dataset_12apr25_isolado,3.0,0.19144785006671003,Resultados_Testes_2DS1112_DoE_full_288.xlsx,75,GRU,40,3.0,60,150,16-64:16,2048,-0.01758784565344305,0.20903569572015307,0.5040279269069485,0.5318647306391565,0.4970687259738966
LSTM|100|3.0|60|150|16-64:16|2048,rssi_odom_dataset_11apr25_isolado.parquet→rssi_odom_dataset_12apr25_isolado,3.0,0.18265282688402026,Resultados_Testes_2DS1112_DoE_full_288.xlsx,30,LSTM,100,3.0,60,150,16-64:16,2048,-0.12863323103778573,0.31128605792180597,0.4889403212208384,0.5304045782351127,0.47857425696726985
GRU|40|3.0|60|150|32-96:32|512,rssi_odom_dataset_11apr25_isolado.parquet→rssi_odom_dataset_12apr25_isolado,3.0,0.17800891831579166,Resultados_Testes_2DS1112_DoE_full_288.xlsx,75,GRU,40,3.0,60,150,32-96:32,512,-0.12335959422328513,0.3013685125390768,0.48948799483787153,0.5296333835014747,0.4794516476719708
GRU|40|5.0|60|20|64-256:64|512,rssi_odom_dataset_11apr25_isolado.parquet→rssi_odom_dataset_12apr25_isolado,5.0,0.6639600899313904,Resultados_Testes_2DS1112_DoE_full_288.xlsx,125,GRU,40,5.0,60,20,64-256:64,512,0.30918773479727135,0.3547723551341191,0.5628572709748234,0.6088879240760967,0.551349607699505
GRU|40|3.0|60|150|32-96:32|2048,rssi_odom_dataset_11apr25_isolado.parquet→rssi_odom_dataset_12apr25_isolado,3.0,0.1552315812863293,Resultados_Testes_2DS1112_DoE_full_288.xlsx,75,GRU,40,3.0,60,150,32-96:32,2048,-0.14411390073693184,0.29934548202326117,0.48596935319191215,0.5258488648474485,0.4759994752780281
LSTM|40|3.0|60|20|32-96:32|512,rssi_odom_dataset_11apr25_isolado.parquet→rssi_odom_dataset_12apr25_isolado,3.0,0.1451216627769595,Resultados_Testes_2DS1112_DoE_full_288.xlsx,75,LSTM,40,3.0,60,20,32-96:32,512,0.006873792780361566,0.13824786999659794,0.5057501231714252,0.5241680953561283,0.5011456301252495
GRU|100|5.0|60|150|16-64:16|1024,rssi_odom_dataset_11apr25_isolado.parquet→rssi_odom_dataset_12apr25_isolado,5.0,0.6367367954102063,Resultados_Testes_2DS1112_DoE_full_288.xlsx,50,GRU,100,5.0,60,150,16-64:16,1024,0.53213898180124,0.10459781360896636,0.5911284698806515,0.6045574527901973,0.587771224153265
LSTM|40|5.0|60|20|32-96:32|1024,rssi_odom_dataset_11apr25_isolado.parquet→rssi_odom_dataset_12apr25_isolado,5.0,0.6218148300846369,Resultados_Testes_2DS1112_DoE_full_288.xlsx,125,LSTM,40,5.0,60,20,32-96:32,1024,0.1374501753477819,0.48436465473685497,0.5387492283451363,0.6021767558350329,0.5228923464726623
LSTM|40|5.0|60|20|64-256:64|1024,rssi_odom_dataset_11apr25_isolado.parquet→rssi_odom_dataset_12apr25_isolado,5.0,0.6199936131932995,Resultados_Testes_2DS1112_DoE_full_288.xlsx,125,LSTM,40,5.0,60,20,64-256:64,1024,0.32193721332357345,0.29805639986972604,0.5631381152137538,0.6018858594125194,0.5534511791640625
GRU|100|3.0|60|150|32-96:32|1024,rssi_odom_dataset_11apr25_isolado.parquet→rssi_odom_dataset_12apr25_isolado,3.0,0.1190489380500439,Resultados_Testes_2DS1112_DoE_full_288.xlsx,30,GRU,100,3.0,60,150,32-96:32,1024,-0.0694136420150418,0.1884625800650857,0.4947127152304569,0.5198310811763467,0.48843312374398445
LSTM|100|3.0|60|150|16-64:16|512,rssi_odom_dataset_11apr25_isolado.parquet→rssi_odom_dataset_12apr25_isolado,3.0,0.11304493391072945,Resultados_Testes_2DS1112_DoE_full_288.xlsx,30,LSTM,100,3.0,60,150,16-64:16,512,-0.13698403885686108,0.2500289727675905,0.4855145265061561,0.5188319099792592,0.47718518063788035
LSTM|100|3.0|60|150|32-96:32|2048,rssi_odom_dataset_11apr25_isolado.parquet→rssi_odom_dataset_12apr25_isolado,3.0,0.1126605657490952,Resultados_Testes_2DS1112_DoE_full_288.xlsx,30,LSTM,100,3.0,60,150,32-96:32,2048,0.038504408354289574,0.07415615739480563,0.5088872270623179,0.5187679391857368,0.5064170490314632
GRU|40|3.0|60|20|16-64:16|512,rssi_odom_dataset_11apr25_isolado.parquet→rssi_odom_dataset_12apr25_isolado,3.0,0.11010585932104851,Resultados_Testes_2DS1112_DoE_full_288.xlsx,75,GRU,40,3.0,60,20,16-64:16,512,0.04054139102549866,0.06956446829554985,0.5090737380102556,0.5183427411982521,0.5067564872132565
LSTM|40|3.0|120|20|32-96:32|2048,rssi_odom_dataset_11apr25_isolado.parquet→rssi_odom_dataset_12apr25_isolado,3.0,0.06804289947344128,Resultados_Testes_2DS1112_DoE_full_288.xlsx,75,LSTM,40,3.0,120,20,32-96:32,2048,0.08361047902540095,-0.01556757955195967,0.5118571258159234,0.5113385390315788,0.5139314729533019
GRU|100|3.0|120|150|16-64:16|2048,rssi_odom_dataset_11apr25_isolado.parquet→rssi_odom_dataset_12apr25_isolado,3.0,0.05759091140939617,Resultados_Testes_2DS1112_DoE_full_288.xlsx,30,GRU,100,3.0,120,150,16-64:16,2048,-0.19170696016139596,0.24929787157079214,0.4763932692441515,0.5095973063189974,0.46809225997544
GRU|40|3.0|120|20|16-64:16|512,rssi_odom_dataset_11apr25_isolado.parquet→rssi_odom_dataset_12apr25_isolado,3.0,0.04044862583807,Resultados_Testes_2DS1112_DoE_full_288.xlsx,75,GRU,40,3.0,120,20,16-64:16,512,0.024014659966070648,0.01643396587199935,0.5045500921051326,0.5067410291653921,0.5040023578400677
GRU|40|5.0|60|20|16-64:16|512,rssi_odom_dataset_11apr25_isolado.parquet→rssi_odom_dataset_12apr25_isolado,5.0,0.511370086379521,Resultados_Testes_2DS1112_DoE_full_288.xlsx,125,GRU,40,5.0,60,20,16-64:16,512,-0.0977281048674409,0.6090981912469619,0.5038566692321325,0.5844123794342247,0.48371774168160936
GRU|40|3.0|60|20|16-64:16|2048,rssi_odom_dataset_11apr25_isolado.parquet→rssi_odom_dataset_12apr25_isolado,3.0,0.017579902653515344,Resultados_Testes_2DS1112_DoE_full_288.xlsx,75,GRU,40,3.0,60,20,16-64:16,2048,-0.4728925907468275,0.4904724934003428,0.43805073666956607,0.502929950238261,0.42183093327739235
LSTM|40|3.0|60|20|64-256:64|512,rssi_odom_dataset_11apr25_isolado.parquet→rssi_odom_dataset_12apr25_isolado,3.0,0.009051637851818803,Resultados_Testes_2DS1112_DoE_full_288.xlsx,75,LSTM,40,3.0,60,20,64-256:64,512,-0.024019171560022687,0.03307080941184149,0.49709923256678734,0.5015086017307511,0.4959968902757964
GRU|40|5.0|120|20|16-64:16|1024,rssi_odom_dataset_11apr25_isolado.parquet→rssi_odom_dataset_12apr25_isolado,5.0,0.4774197407068737,Resultados_Testes_2DS1112_DoE_full_288.xlsx,125,GRU,40,5.0,120,20,16-64:16,1024,0.24048461655233988,0.23693512415453383,0.5477771057214815,0.5789049757330603,0.5399951382185868
GRU|40|5.0|120|20|32-96:32|1024,rssi_odom_dataset_11apr25_isolado.parquet→rssi_odom_dataset_12apr25_isolado,5.0,0.47117579511715907,Resultados_Testes_2DS1112_DoE_full_288.xlsx,125,GRU,40,5.0,120,20,32-96:32,1024,0.5529358743637194,-0.08176007924656031,0.5805372074278103,0.5778899027143076,0.5911264262818214
GRU|40|5.0|120|150|16-64:16|2048,rssi_odom_dataset_11apr25_isolado.parquet→rssi_odom_dataset_12apr25_isolado,5.0,0.45258110442040567,Resultados_Testes_2DS1112_DoE_full_288.xlsx,125,GRU,40,5.0,120,150,16-64:16,2048,0.10654125337537142,0.34603985104503426,0.5291721535669082,0.574863111117397,0.5177494141792859
LSTM|40|3.0|60|150|64-256:64|512,rssi_odom_dataset_11apr25_isolado.parquet→rssi_odom_dataset_12apr25_isolado,3.0,-0.03924093916036312,Resultados_Testes_2DS1112_DoE_full_288.xlsx,75,LSTM,40,3.0,60,150,64-256:64,512,-0.30072720794521846,0.2614862687848553,0.4587288498833062,0.49346021644287985,0.45004600824341284
LSTM|40|5.0|60|20|64-256:64|512,rssi_odom_dataset_11apr25_isolado.parquet→rssi_odom_dataset_12apr25_isolado,5.0,0.43018681625862454,Resultados_Testes_2DS1112_DoE_full_288.xlsx,125,LSTM,40,5.0,60,20,64-256:64,512,0.2311586147795473,0.19902820147907724,0.5450023740787563,0.5712103873684362,0.5384503707563363
GRU|40|3.0|120|150|16-64:16|1024,rssi_odom_dataset_11apr25_isolado.parquet→rssi_odom_dataset_12apr25_isolado,3.0,-0.07668618511728402,Resultados_Testes_2DS1112_DoE_full_288.xlsx,75,GRU,40,3.0,120,150,16-64:16,1024,-0.1702696783116246,0.09358349319434058,0.4747660726709766,0.4872217522091799,0.4716521527864257
LSTM|100|5.0|60|20|32-96:32|512,rssi_odom_dataset_11apr25_isolado.parquet→rssi_odom_dataset_12apr25_isolado,5.0,0.4100621789716896,Resultados_Testes_2DS1112_DoE_full_288.xlsx,50,LSTM,100,5.0,60,20,32-96:32,512,0.5059171020278918,-0.09585492305620213,0.5710428137271006,0.5679212216666353,0.5835291819689616
LSTM|100|3.0|60|20|16-64:16|512,rssi_odom_dataset_11apr25_isolado.parquet→rssi_odom_dataset_12apr25_isolado,3.0,-0.08345273552558935,Resultados_Testes_2DS1112_DoE_full_288.xlsx,30,LSTM,100,3.0,60,20,16-64:16,512,-0.5031052300778165,0.41965249455222714,0.43076012375615613,0.48609479725793325,0.4169264553807118
LSTM|100|5.0|120|150|16-64:16|1024,rssi_odom_dataset_11apr25_isolado.parquet→rssi_odom_dataset_12apr25_isolado,5.0,0.39837592521010706,Resultados_Testes_2DS1112_DoE_full_288.xlsx,50,LSTM,100,5.0,120,150,16-64:16,1024,0.1686013247931837,0.22977460041692335,0.5356582290245597,0.5660084516174321,0.5280706733763416
GRU|40|3.0|60|150|16-64:16|512,rssi_odom_dataset_11apr25_isolado.parquet→rssi_odom_dataset_12apr25_isolado,3.0,-0.10205927748163815,Resultados_Testes_2DS1112_DoE_full_288.xlsx,75,GRU,40,3.0,60,150,16-64:16,512,-0.21542169603568365,0.1133624185540455,0.46792570922678806,0.4829966794774092,0.4641579666641328
LSTM|40|3.0|60|150|16-64:16|1024,rssi_odom_dataset_11apr25_isolado.parquet→rssi_odom_dataset_12apr25_isolado,3.0,-0.11287744318691756,Resultados_Testes_2DS1112_DoE_full_288.xlsx,75,LSTM,40,3.0,60,150,16-64:16,1024,-0.3236637597273582,0.21078631654044067,0.45325068844989735,0.4811959656005968,0.4462643691622225
GRU|40|3.0|120|150|16-64:16|512,rssi_odom_dataset_11apr25_isolado.parquet→rssi_odom_dataset_12apr25_isolado,3.0,-0.1235624094428074,Resultados_Testes_2DS1112_DoE_full_288.xlsx,75,GRU,40,3.0,120,150,16-64:16,512,-0.3394549006646441,0.21589249122183674,0.45081510468926284,0.47941790231961834,0.44366440528167395
LSTM|100|3.0|60|20|16-64:16|1024,rssi_odom_dataset_11apr25_isolado.parquet→rssi_odom_dataset_12apr25_isolado,3.0,-0.127111751797977,Resultados_Testes_2DS1112_DoE_full_288.xlsx,30,LSTM,100,3.0,60,20,16-64:16,1024,-0.8332049606626253,0.7060932088646483,0.38744248884556426,0.4788273766837999,0.3645962668860053
GRU|40|3.0|120|150|32-96:32|512,rssi_odom_dataset_11apr25_isolado.parquet→rssi_odom_dataset_12apr25_isolado,3.0,-0.13087180610869495,Resultados_Testes_2DS1112_DoE_full_288.xlsx,75,GRU,40,3.0,120,150,32-96:32,512,-0.09127518614795559,-0.03959661996073936,0.4795199188045922,0.4782018581960366,0.48479216123881463
LSTM|100|5.0|120|20|16-64:16|1024,rssi_odom_dataset_11apr25_isolado.parquet→rssi_odom_dataset_12apr25_isolado,5.0,0.34579719923227414,Resultados_Testes_2DS1112_DoE_full_288.xlsx,50,LSTM,100,5.0,120,20,16-64:16,1024,-0.22143516734089366,0.5672323665731678,0.4820046080134679,0.5573789753618057,0.46316101617638344
LSTM|100|5.0|120|20|16-64:16|512,rssi_odom_dataset_11apr25_isolado.parquet→rssi_odom_dataset_12apr25_isolado,5.0,0.3366613025819929,Resultados_Testes_2DS1112_DoE_full_288.xlsx,50,LSTM,100,5.0,120,20,16-64:16,512,0.19024027920847875,0.14642102337351415,0.5365065964152418,0.5558758576288502,0.5316642811118397
GRU|40|5.0|60|20|32-96:32|512,rssi_odom_dataset_11apr25_isolado.parquet→rssi_odom_dataset_12apr25_isolado,5.0,0.3249195144040844,Resultados_Testes_2DS1112_DoE_full_288.xlsx,125,GRU,40,5.0,60,20,32-96:32,512,-0.2757490754003909,0.6006685898044752,0.4741251493624715,0.5539424966229444,0.4541708125473533
LSTM|40|3.0|60|20|32-96:32|2048,rssi_odom_dataset_11apr25_isolado.parquet→rssi_odom_dataset_12apr25_isolado,3.0,-0.1800454305556669,Resultados_Testes_2DS1112_DoE_full_288.xlsx,75,LSTM,40,3.0,60,20,32-96:32,2048,0.048257682087771384,-0.22830311264343828,0.4776311736140741,0.4700284036760445,0.5080422533661925
LSTM|40|5.0|120|20|64-256:64|2048,rssi_odom_dataset_11apr25_isolado.parquet→rssi_odom_dataset_12apr25_isolado,5.0,0.30613170624743324,Resultados_Testes_2DS1112_DoE_full_288.xlsx,125,LSTM,40,5.0,120,20,64-256:64,2048,0.37209032387912105,-0.06595861763168781,0.5530162705798809,0.5508455891076466,0.5616989964688183
LSTM|40|5.0|60|20|16-64:16|1024,rssi_odom_dataset_11apr25_isolado.parquet→rssi_odom_dataset_12apr25_isolado,5.0,0.27606932760314634,Resultados_Testes_2DS1112_DoE_full_288.xlsx,125,LSTM,40,5.0,60,20,16-64:16,1024,0.3611083042249391,-0.08503897662179277,0.5486848359041675,0.5458821138814941,0.5598957239948613
GRU|100|5.0|120|20|16-64:16|512,rssi_odom_dataset_11apr25_isolado.parquet→rssi_odom_dataset_12apr25_isolado,5.0,0.2627325761239039,Resultados_Testes_2DS1112_DoE_full_288.xlsx,50,GRU,100,5.0,120,20,16-64:16,512,0.5065472068348229,-0.24381463071091902,0.5516679765111165,0.5436771543954699,0.5836312649737028
GRU|100|3.0|120|20|16-64:16|2048,rssi_odom_dataset_11apr25_isolado.parquet→rssi_odom_dataset_12apr25_isolado,3.0,-0.22968417406190583,Resultados_Testes_2DS1112_DoE_full_288.xlsx,30,GRU,100,3.0,120,20,16-64:16,2048,-1.1557438396408852,0.9260596655789795,0.34545626058184287,0.4617939253375647,0.3163718443929124
LSTM|40|5.0|120|20|64-256:64|1024,rssi_odom_dataset_11apr25_isolado.parquet→rssi_odom_dataset_12apr25_isolado,5.0,0.2565641811811176,Resultados_Testes_2DS1112_DoE_full_288.xlsx,125,LSTM,40,5.0,120,20,64-256:64,1024,0.3618591756574474,-0.10529499447632978,0.5461292152778516,0.5426567516723761,0.5600190696997536
GRU|40|5.0|120|150|64-256:64|2048,rssi_odom_dataset_11apr25_isolado.parquet→rssi_odom_dataset_12apr25_isolado,5.0,0.2541499404499042,Resultados_Testes_2DS1112_DoE_full_288.xlsx,125,GRU,40,5.0,120,150,64-256:64,2048,0.12415288144105799,0.1299970590088462,0.5249957296016352,0.5422572795098196,0.5206803421245891
LSTM|100|5.0|60|150|64-256:64|2048,rssi_odom_dataset_11apr25_isolado.parquet→rssi_odom_dataset_12apr25_isolado,5.0,0.24567370215331116,Resultados_Testes_2DS1112_DoE_full_288.xlsx,50,LSTM,100,5.0,60,150,64-256:64,2048,0.31680140720479916,-0.071127705051488,0.5432044338269422,0.540854332405597,0.5526048395123225
GRU|40|3.0|60|20|32-96:32|2048,rssi_odom_dataset_11apr25_isolado.parquet→rssi_odom_dataset_12apr25_isolado,3.0,-0.2444350777076769,Resultados_Testes_2DS1112_DoE_full_288.xlsx,75,GRU,40,3.0,60,20,32-96:32,2048,-0.4155750773470232,0.1711399996393463,0.4368118612145111,0.4593507336690693,0.4311771431008715
GRU|100|5.0|60|150|32-96:32|512,rssi_odom_dataset_11apr25_isolado.parquet→rssi_odom_dataset_12apr25_isolado,5.0,0.24106723994989965,Resultados_Testes_2DS1112_DoE_full_288.xlsx,50,GRU,100,5.0,60,150,32-96:32,512,0.20187607468295043,0.03919116526694921,0.5348945788915747,0.5400916193042637,0.5335953187884024
LSTM|40|5.0|60|20|16-64:16|2048,rssi_odom_dataset_11apr25_isolado.parquet→rssi_odom_dataset_12apr25_isolado,5.0,0.23729057828248454,Resultados_Testes_2DS1112_DoE_full_288.xlsx,125,LSTM,40,5.0,60,20,16-64:16,2048,0.3500589900836093,-0.11276841180112476,0.5431888888257844,0.5394661598029055,0.5580798049173005
LSTM|100|5.0|60|20|32-96:32|2048,rssi_odom_dataset_11apr25_isolado.parquet→rssi_odom_dataset_12apr25_isolado,5.0,0.23362808749397754,Resultados_Testes_2DS1112_DoE_full_288.xlsx,50,LSTM,100,5.0,60,20,32-96:32,2048,-0.075673160884986,0.30930124837896356,0.4976842825236207,0.5388594895885022,0.4873904807574003
LSTM|100|5.0|60|150|32-96:32|512,rssi_odom_dataset_11apr25_isolado.parquet→rssi_odom_dataset_12apr25_isolado,5.0,0.23173822930494226,Resultados_Testes_2DS1112_DoE_full_288.xlsx,50,LSTM,100,5.0,60,150,32-96:32,512,0.21360389774837152,0.018134331556570737,0.5361417686728145,0.5385464004692107,0.5355406107237155
GRU|40|3.0|120|20|32-96:32|1024,rssi_odom_dataset_11apr25_isolado.parquet→rssi_odom_dataset_12apr25_isolado,3.0,-0.2735424180020264,Resultados_Testes_2DS1112_DoE_full_288.xlsx,75,GRU,40,3.0,120,20,32-96:32,1024,0.08807965169026737,-0.36162206969229377,0.466563563886703,0.4545355235203811,0.5146757253519906
LSTM|40|5.0|120|20|32-96:32|2048,rssi_odom_dataset_11apr25_isolado.parquet→rssi_odom_dataset_12apr25_isolado,5.0,0.20875457635869332,Resultados_Testes_2DS1112_DoE_full_288.xlsx,125,LSTM,40,5.0,120,20,32-96:32,2048,0.4669518959601791,-0.2581973196014858,0.5432296764999569,0.5347363823529526,0.5772028530879743
GRU|40|3.0|60|150|64-256:64|512,rssi_odom_dataset_11apr25_isolado.parquet→rssi_odom_dataset_12apr25_isolado,3.0,-0.286998479869181,Resultados_Testes_2DS1112_DoE_full_288.xlsx,75,GRU,40,3.0,60,150,64-256:64,512,-0.15198803562365334,-0.13501044424552763,0.4567879108868312,0.4523123108060216,0.47469031121006955
LSTM|40|3.0|60|150|64-256:64|2048,rssi_odom_dataset_11apr25_isolado.parquet→rssi_odom_dataset_12apr25_isolado,3.0,-0.30216147851408226,Resultados_Testes_2DS1112_DoE_full_288.xlsx,75,LSTM,40,3.0,60,150,64-256:64,2048,-0.23112044806293477,-0.07104103045114749,0.45215867896937306,0.4498093605238712,0.4615559527513804
GRU|40|3.0|120|20|16-64:16|1024,rssi_odom_dataset_11apr25_isolado.parquet→rssi_odom_dataset_12apr25_isolado,3.0,-0.3062420087174265,Resultados_Testes_2DS1112_DoE_full_288.xlsx,75,GRU,40,3.0,120,20,16-64:16,1024,0.036333757095894634,-0.34257576581332116,0.46052003988183476,0.449136217323454,0.506055330115358
LSTM|100|5.0|60|150|16-64:16|512,rssi_odom_dataset_11apr25_isolado.parquet→rssi_odom_dataset_12apr25_isolado,5.0,0.17777462284259626,Resultados_Testes_2DS1112_DoE_full_288.xlsx,50,LSTM,100,5.0,60,150,16-64:16,512,-0.008954756747426188,0.18672937959002245,0.5047249302273095,0.5295944712383248,0.49850754497455557
GRU|40|3.0|60|150|64-256:64|2048,rssi_odom_dataset_11apr25_isolado.parquet→rssi_odom_dataset_12apr25_isolado,3.0,-0.3143824330641215,Resultados_Testes_2DS1112_DoE_full_288.xlsx,75,GRU,40,3.0,60,150,64-256:64,2048,-0.07591777434236258,-0.23846465872175893,0.4557050627312432,0.4477938939488715,0.4873497378607302
LSTM|40|3.0|60|20|64-256:64|1024,rssi_odom_dataset_11apr25_isolado.parquet→rssi_odom_dataset_12apr25_isolado,3.0,-0.3569835510429963,Resultados_Testes_2DS1112_DoE_full_288.xlsx,75,LSTM,40,3.0,60,20,64-256:64,1024,0.00037142169577845013,-0.35735497273877476,0.4526379655499694,0.44078198103355,0.5000619036156468
GRU|40|3.0|120|150|64-256:64|2048,rssi_odom_dataset_11apr25_isolado.parquet→rssi_odom_dataset_12apr25_isolado,3.0,-0.3619206128712384,Resultados_Testes_2DS1112_DoE_full_288.xlsx,75,GRU,40,3.0,120,150,64-256:64,2048,-0.3511414186197859,-0.010779194251452462,0.4403251170668597,0.43997083833247996,0.44174223200437857
LSTM|100|3.0|120|150|64-256:64|1024,rssi_odom_dataset_11apr25_isolado.parquet→rssi_odom_dataset_12apr25_isolado,3.0,-0.3763579154757703,Resultados_Testes_2DS1112_DoE_full_288.xlsx,30,LSTM,100,3.0,120,150,64-256:64,1024,-0.2358724974955392,-0.1404854179802311,0.44223429836580613,0.4376006921505012,0.46076872322702606
GRU|40|5.0|60|20|32-96:32|1024,rssi_odom_dataset_11apr25_isolado.parquet→rssi_odom_dataset_12apr25_isolado,5.0,0.02185716339243002,Resultados_Testes_2DS1112_DoE_full_288.xlsx,125,GRU,40,5.0,60,20,32-96:32,1024,0.5330223988542949,-0.5111652354618649,0.520497020056973,0.5036427961103237,0.58791391584357
GRU|40|3.0|120|20|64-256:64|512,rssi_odom_dataset_11apr25_isolado.parquet→rssi_odom_dataset_12apr25_isolado,3.0,-0.4662816242841516,Resultados_Testes_2DS1112_DoE_full_288.xlsx,75,GRU,40,3.0,120,20,64-256:64,512,0.05441487904403477,-0.5206965033281864,0.44013858983655574,0.4229061992801514,0.5090681520621732
GRU|40|5.0|120|150|32-96:32|1024,rssi_odom_dataset_11apr25_isolado.parquet→rssi_odom_dataset_12apr25_isolado,5.0,0.021491703788641035,Resultados_Testes_2DS1112_DoE_full_288.xlsx,125,GRU,40,5.0,120,150,32-96:32,1024,-0.8321222754289379,0.853613979217579,0.3925271757411711,0.5035818893556939,0.3647634973375404
GRU|100|5.0|120|150|32-96:32|2048,rssi_odom_dataset_11apr25_isolado.parquet→rssi_odom_dataset_12apr25_isolado,5.0,0.020292074323933238,Resultados_Testes_2DS1112_DoE_full_288.xlsx,50,GRU,100,5.0,120,150,32-96:32,2048,0.42994238831940623,-0.40965031399547297,0.5169396636945801,0.5033819608102874,0.5711704752317508
GRU|100|3.0|120|150|64-256:64|1024,rssi_odom_dataset_11apr25_isolado.parquet→rssi_odom_dataset_12apr25_isolado,3.0,-0.4716401759235606,Resultados_Testes_2DS1112_DoE_full_288.xlsx,30,GRU,100,3.0,120,150,64-256:64,1024,0.06192447100145709,-0.5335646469250177,0.4396915203422823,0.422034580521307,0.5103192796261836
GRU|40|5.0|120|20|64-256:64|1024,rssi_odom_dataset_11apr25_isolado.parquet→rssi_odom_dataset_12apr25_isolado,5.0,0.0116835603744763,Resultados_Testes_2DS1112_DoE_full_288.xlsx,125,GRU,40,5.0,120,20,64-256:64,1024,0.3058589426186615,-0.29417538224418516,0.5117179198139628,0.5019472502175883,0.5508005981994605
LSTM|40|3.0|120|20|64-256:64|512,rssi_odom_dataset_11apr25_isolado.parquet→rssi_odom_dataset_12apr25_isolado,3.0,-0.48936493423831806,Resultados_Testes_2DS1112_DoE_full_288.xlsx,75,LSTM,40,3.0,120,20,64-256:64,512,-0.16600334571220768,-0.3233615885261104,0.4297961706203033,0.4191549684566465,0.47236097927493026
GRU|40|5.0|60|150|32-96:32|2048,rssi_odom_dataset_11apr25_isolado.parquet→rssi_odom_dataset_12apr25_isolado,5.0,-0.006199551257003037,Resultados_Testes_2DS1112_DoE_full_288.xlsx,125,GRU,40,5.0,60,150,32-96:32,2048,0.034929202801527,-0.04112875405853003,0.5003376484937688,0.49896674292800475,0.505821270756825
LSTM|40|3.0|60|150|64-256:64|1024,rssi_odom_dataset_11apr25_isolado.parquet→rssi_odom_dataset_12apr25_isolado,3.0,-0.4942961005782586,Resultados_Testes_2DS1112_DoE_full_288.xlsx,75,LSTM,40,3.0,60,150,64-256:64,1024,-0.22672271035697708,-0.26757339022128157,0.42714077731577216,0.4183548072518845,0.462284657571323
GRU|40|3.0|60|20|16-64:16|1024,rssi_odom_dataset_11apr25_isolado.parquet→rssi_odom_dataset_12apr25_isolado,3.0,-0.5566872883857401,Resultados_Testes_2DS1112_DoE_full_288.xlsx,75,GRU,40,3.0,60,20,16-64:16,1024,-0.040508092954510695,-0.5161791954312294,0.42526520747673036,0.408269243982738,0.4932490614526996
GRU|100|5.0|60|150|32-96:32|1024,rssi_odom_dataset_11apr25_isolado.parquet→rssi_odom_dataset_12apr25_isolado,5.0,-0.07364148863353707,Resultados_Testes_2DS1112_DoE_full_288.xlsx,50,GRU,100,5.0,60,150,32-96:32,1024,-0.09269035533750528,0.0190488667039682,0.48519099367740726,0.4877288831699034,0.4845565213042833
GRU|100|5.0|60|150|16-64:16|512,rssi_odom_dataset_11apr25_isolado.parquet→rssi_odom_dataset_12apr25_isolado,5.0,-0.10151719759707278,Resultados_Testes_2DS1112_DoE_full_288.xlsx,50,GRU,100,5.0,60,150,16-64:16,512,0.16271420058155606,-0.26423139817862884,0.4918880321676395,0.4830869221968474,0.527092472050808
LSTM|40|5.0|120|20|16-64:16|2048,rssi_odom_dataset_11apr25_isolado.parquet→rssi_odom_dataset_12apr25_isolado,5.0,-0.13309922675127253,Resultados_Testes_2DS1112_DoE_full_288.xlsx,125,LSTM,40,5.0,120,20,16-64:16,2048,-3.22746491963947,3.0943656928881973,0.1789084795348035,0.4778313390696807,0.10417776465108419
LSTM|100|5.0|120|150|64-256:64|512,rssi_odom_dataset_11apr25_isolado.parquet→rssi_odom_dataset_12apr25_isolado,5.0,-0.1425217137021607,Resultados_Testes_2DS1112_DoE_full_288.xlsx,50,LSTM,100,5.0,120,150,64-256:64,512,0.2380628990502577,-0.3805846127524184,0.48893020313431046,0.4762642350773099,0.5395940753623127
GRU|40|3.0|60|20|64-256:64|512,rssi_odom_dataset_11apr25_isolado.parquet→rssi_odom_dataset_12apr25_isolado,3.0,-0.6325134981290017,Resultados_Testes_2DS1112_DoE_full_288.xlsx,75,GRU,40,3.0,60,20,64-256:64,512,0.08747598453715978,-0.7199894826661615,0.4198077182324781,0.3961158477294084,0.5145752002447571
LSTM|100|3.0|60|150|32-96:32|1024,rssi_odom_dataset_11apr25_isolado.parquet→rssi_odom_dataset_12apr25_isolado,3.0,-0.6339339784745521,Resultados_Testes_2DS1112_DoE_full_288.xlsx,30,LSTM,100,3.0,60,150,32-96:32,1024,0.056319815283628616,-0.6902537937581807,0.41858858114867153,0.39588934310898743,0.5093855333074079
GRU|100|3.0|120|150|16-64:16|1024,rssi_odom_dataset_11apr25_isolado.parquet→rssi_odom_dataset_12apr25_isolado,3.0,-0.6396219234099688,Resultados_Testes_2DS1112_DoE_full_288.xlsx,30,GRU,100,3.0,120,150,16-64:16,1024,0.06461857108527555,-0.7042404944952444,0.4181398692865116,0.3949828124558819,0.5107680966090304
GRU|100|3.0|60|150|16-64:16|512,rssi_odom_dataset_11apr25_isolado.parquet→rssi_odom_dataset_12apr25_isolado,3.0,-0.6451393535816319,Resultados_Testes_2DS1112_DoE_full_288.xlsx,30,GRU,100,3.0,60,150,16-64:16,512,-0.029211967014370312,-0.6159273865672615,0.4143096165832442,0.39410414755408946,0.4951314926998632
LSTM|100|5.0|60|150|64-256:64|1024,rssi_odom_dataset_11apr25_isolado.parquet→rssi_odom_dataset_12apr25_isolado,5.0,-0.16644789185473086,Resultados_Testes_2DS1112_DoE_full_288.xlsx,50,LSTM,100,5.0,60,150,64-256:64,1024,-0.11204610257751697,-0.05440178927721388,0.4740965577705273,0.47228711525386896,0.4813343278371606
LSTM|100|5.0|120|150|32-96:32|1024,rssi_odom_dataset_11apr25_isolado.parquet→rssi_odom_dataset_12apr25_isolado,5.0,-0.17453411581854233,Resultados_Testes_2DS1112_DoE_full_288.xlsx,50,LSTM,100,5.0,120,150,32-96:32,1024,0.32735052332615416,-0.5018846391446965,0.4876235870704084,0.47094375537263156,0.5543429138615161
GRU|100|5.0|120|150|16-64:16|512,rssi_odom_dataset_11apr25_isolado.parquet→rssi_odom_dataset_12apr25_isolado,5.0,-0.19783449394514455,Resultados_Testes_2DS1112_DoE_full_288.xlsx,50,GRU,100,5.0,120,150,16-64:16,512,0.0699055829491412,-0.26774007689428575,0.475990002277152,0.4670752972910923,0.5116488222213907
LSTM|100|5.0|120|20|32-96:32|2048,rssi_odom_dataset_11apr25_isolado.parquet→rssi_odom_dataset_12apr25_isolado,5.0,-0.20439734640868518,Resultados_Testes_2DS1112_DoE_full_288.xlsx,50,LSTM,100,5.0,120,20,32-96:32,2048,-1.1991500773977093,0.9947527309890241,0.3413146671111241,0.4659863900573451,0.3101467363745689
GRU|40|5.0|60|20|64-256:64|1024,rssi_odom_dataset_11apr25_isolado.parquet→rssi_odom_dataset_12apr25_isolado,5.0,-0.20526816519416669,Resultados_Testes_2DS1112_DoE_full_288.xlsx,125,GRU,40,5.0,60,20,64-256:64,1024,0.23685216603966328,-0.44212033123383,0.4805522515784254,0.4658419280981674,0.5393935454994576
LSTM|40|3.0|120|20|16-64:16|2048,rssi_odom_dataset_11apr25_isolado.parquet→rssi_odom_dataset_12apr25_isolado,3.0,-0.6959378492923657,Resultados_Testes_2DS1112_DoE_full_288.xlsx,75,LSTM,40,3.0,120,20,16-64:16,2048,-0.07565156835803448,-0.6202862809343312,0.4063165459129313,0.38604716308522974,0.4873940772237375
GRU|40|3.0|60|150|64-256:64|1024,rssi_odom_dataset_11apr25_isolado.parquet→rssi_odom_dataset_12apr25_isolado,3.0,-0.7600318272090661,Resultados_Testes_2DS1112_DoE_full_288.xlsx,75,GRU,40,3.0,60,150,64-256:64,1024,-0.4633805291121216,-0.29665129809694457,0.3854518844989993,0.3759702830316337,0.4233782903684619
GRU|100|5.0|60|150|32-96:32|2048,rssi_odom_dataset_11apr25_isolado.parquet→rssi_odom_dataset_12apr25_isolado,5.0,-0.2772888934146537,Resultados_Testes_2DS1112_DoE_full_288.xlsx,50,GRU,100,5.0,60,150,32-96:32,2048,0.2550891024399123,-0.532377995854566,0.4716156122917753,0.4539163442736263,0.5424126843643712
GRU|100|5.0|120|150|64-256:64|512,rssi_odom_dataset_11apr25_isolado.parquet→rssi_odom_dataset_12apr25_isolado,5.0,-0.27821627235571933,Resultados_Testes_2DS1112_DoE_full_288.xlsx,50,GRU,100,5.0,120,150,64-256:64,512,0.2387950673356773,-0.5170113396913967,0.4709535459493939,0.4537630984730023,0.5397153358549605
LSTM|40|5.0|120|20|64-256:64|512,rssi_odom_dataset_11apr25_isolado.parquet→rssi_odom_dataset_12apr25_isolado,5.0,-0.280427892054738,Resultados_Testes_2DS1112_DoE_full_288.xlsx,125,LSTM,40,5.0,120,20,64-256:64,512,-0.7605195082848853,0.48009161623014734,0.39139474035377364,0.4533976722436597,0.37589400738130213
LSTM|40|5.0|120|20|16-64:16|512,rssi_odom_dataset_11apr25_isolado.parquet→rssi_odom_dataset_12apr25_isolado,5.0,-0.30233275930509207,Resultados_Testes_2DS1112_DoE_full_288.xlsx,125,LSTM,40,5.0,120,20,16-64:16,512,0.3249546585645462,-0.6272874178696383,0.4706145383892568,0.44978110153634987,0.5539482858008845
LSTM|40|5.0|120|20|32-96:32|1024,rssi_odom_dataset_11apr25_isolado.parquet→rssi_odom_dataset_12apr25_isolado,5.0,-0.3080841661922326,Resultados_Testes_2DS1112_DoE_full_288.xlsx,125,LSTM,40,5.0,120,20,32-96:32,1024,0.4220657912585829,-0.7301499574508155,0.47304267569417713,0.4488323873552563,0.5698838290498607
LSTM|100|5.0|120|150|64-256:64|1024,rssi_odom_dataset_11apr25_isolado.parquet→rssi_odom_dataset_12apr25_isolado,5.0,-0.32004416937086727,Resultados_Testes_2DS1112_DoE_full_288.xlsx,50,LSTM,100,5.0,120,150,64-256:64,1024,0.11052097821035241,-0.43056514758121966,0.46117096164922344,0.44686074350759025,0.5184118342157562
GRU|40|3.0|120|20|64-256:64|1024,rssi_odom_dataset_11apr25_isolado.parquet→rssi_odom_dataset_12apr25_isolado,3.0,-0.8057016531361001,Resultados_Testes_2DS1112_DoE_full_288.xlsx,75,GRU,40,3.0,120,20,64-256:64,1024,0.036970260726469334,-0.8426719138625695,0.3963158292790028,0.3688544370436221,0.5061613982205254
GRU|40|5.0|60|150|16-64:16|1024,rssi_odom_dataset_11apr25_isolado.parquet→rssi_odom_dataset_12apr25_isolado,5.0,-0.35640527295780267,Resultados_Testes_2DS1112_DoE_full_288.xlsx,125,GRU,40,5.0,60,150,16-64:16,1024,-0.17497238595363207,-0.1814328870041706,0.446875800293871,0.44087701095579157,0.47087095764618875
GRU|40|5.0|60|150|64-256:64|1024,rssi_odom_dataset_11apr25_isolado.parquet→rssi_odom_dataset_12apr25_isolado,5.0,-0.3574285599829836,Resultados_Testes_2DS1112_DoE_full_288.xlsx,125,GRU,40,5.0,60,150,64-256:64,1024,-0.10524055002512032,-0.2521880099578633,0.4490605035902142,0.4407088545259205,0.482467099847389
LSTM|40|3.0|60|150|16-64:16|2048,rssi_odom_dataset_11apr25_isolado.parquet→rssi_odom_dataset_12apr25_isolado,3.0,-0.8423590111621974,Resultados_Testes_2DS1112_DoE_full_288.xlsx,75,LSTM,40,3.0,60,150,16-64:16,2048,-0.0842341752879694,-0.758124835874228,0.38773985293248453,0.3631836514222998,0.4859646589732232
LSTM|100|5.0|120|150|32-96:32|512,rssi_odom_dataset_11apr25_isolado.parquet→rssi_odom_dataset_12apr25_isolado,5.0,-0.37305132080583714,Resultados_Testes_2DS1112_DoE_full_288.xlsx,50,LSTM,100,5.0,120,150,32-96:32,512,0.063389631588092,-0.4364409523939291,0.4526272992942477,0.4381432824769695,0.5105633665633607
LSTM|40|5.0|120|20|16-64:16|1024,rssi_odom_dataset_11apr25_isolado.parquet→rssi_odom_dataset_12apr25_isolado,5.0,-0.39779819516274356,Resultados_Testes_2DS1112_DoE_full_288.xlsx,125,LSTM,40,5.0,120,20,16-64:16,1024,0.442356784619897,-0.8401549797826406,0.46190821180642694,0.4340861609702296,0.5731964151512162
LSTM|40|3.0|120|150|16-64:16|2048,rssi_odom_dataset_11apr25_isolado.parquet→rssi_odom_dataset_12apr25_isolado,3.0,-0.895766908858362,Resultados_Testes_2DS1112_DoE_full_288.xlsx,75,LSTM,40,3.0,120,150,16-64:16,2048,-0.21016525091596552,-0.6856016579423965,0.3769976110281912,0.35498960187442036,0.46502964764327454
LSTM|40|3.0|120|150|32-96:32|512,rssi_odom_dataset_11apr25_isolado.parquet→rssi_odom_dataset_12apr25_isolado,3.0,-0.9543677130651667,Resultados_Testes_2DS1112_DoE_full_288.xlsx,75,LSTM,40,3.0,120,150,32-96:32,512,-0.32598410381196224,-0.6283836092532045,0.36605308687079746,0.346095822666878,0.4458821436864753
LSTM|40|5.0|60|150|32-96:32|2048,rssi_odom_dataset_11apr25_isolado.parquet→rssi_odom_dataset_12apr25_isolado,5.0,-0.4725608229270717,Resultados_Testes_2DS1112_DoE_full_288.xlsx,125,LSTM,40,5.0,60,150,32-96:32,2048,0.05489422617477824,-0.5274550491018499,0.4393375052331745,0.42188487735640245,0.5091480167402627
LSTM|40|5.0|60|20|32-96:32|512,rssi_odom_dataset_11apr25_isolado.parquet→rssi_odom_dataset_12apr25_isolado,5.0,-0.4959256541767998,Resultados_Testes_2DS1112_DoE_full_288.xlsx,125,LSTM,40,5.0,60,20,32-96:32,512,0.45455538906843496,-0.9504810432452347,0.4495093341504909,0.41809048012472355,0.5751847502535604
LSTM|100|5.0|60|150|64-256:64|512,rssi_odom_dataset_11apr25_isolado.parquet→rssi_odom_dataset_12apr25_isolado,5.0,-0.5265196764678203,Resultados_Testes_2DS1112_DoE_full_288.xlsx,50,LSTM,100,5.0,60,150,64-256:64,512,0.4708855214036635,-0.9974051978714837,0.4460779508328551,0.41313676427118445,0.577842697079538
LSTM|100|3.0|60|150|64-256:64|512,rssi_odom_dataset_11apr25_isolado.parquet→rssi_odom_dataset_12apr25_isolado,3.0,-1.0491786112558084,Resultados_Testes_2DS1112_DoE_full_288.xlsx,30,LSTM,100,3.0,60,150,64-256:64,512,0.04709903596059097,-1.0962776472163993,0.367116756743193,0.3319336473170458,0.5078491944477819
LSTM|100|3.0|120|150|16-64:16|512,rssi_odom_dataset_11apr25_isolado.parquet→rssi_odom_dataset_12apr25_isolado,3.0,-1.0577785817369696,Resultados_Testes_2DS1112_DoE_full_288.xlsx,30,LSTM,100,3.0,120,150,16-64:16,512,-0.2110918745333834,-0.8466867072035862,0.3575059867658147,0.3306634911673631,0.4648759691596209
GRU|40|3.0|120|150|64-256:64|512,rssi_odom_dataset_11apr25_isolado.parquet→rssi_odom_dataset_12apr25_isolado,3.0,-1.0590118238419806,Resultados_Testes_2DS1112_DoE_full_288.xlsx,75,GRU,40,3.0,120,150,64-256:64,512,-0.3021483318002839,-0.7568634920416967,0.3543475471245077,0.33048155151433517,0.4498115295651981
GRU|100|5.0|120|150|16-64:16|1024,rssi_odom_dataset_11apr25_isolado.parquet→rssi_odom_dataset_12apr25_isolado,5.0,-0.5812364399286901,Resultados_Testes_2DS1112_DoE_full_288.xlsx,50,GRU,100,5.0,120,150,16-64:16,1024,0.4958048817111607,-1.077041321639851,0.43983514355494946,0.40432144664607383,0.5818899311904518
GRU|40|3.0|60|150|16-64:16|1024,rssi_odom_dataset_11apr25_isolado.parquet→rssi_odom_dataset_12apr25_isolado,3.0,-1.1028913046132798,Resultados_Testes_2DS1112_DoE_full_288.xlsx,75,GRU,40,3.0,60,150,16-64:16,1024,-0.25549690837170297,-0.8473943962415769,0.35073703085974073,0.3240413291223205,0.4575198378094218
LSTM|100|5.0|60|150|16-64:16|1024,rssi_odom_dataset_11apr25_isolado.parquet→rssi_odom_dataset_12apr25_isolado,5.0,-0.6392397419166939,Resultados_Testes_2DS1112_DoE_full_288.xlsx,50,LSTM,100,5.0,60,150,16-64:16,1024,0.3633334581378122,-1.002573200054506,0.4280872065602141,0.395043701046622,0.5602612286145824
GRU|40|5.0|60|150|16-64:16|512,rssi_odom_dataset_11apr25_isolado.parquet→rssi_odom_dataset_12apr25_isolado,5.0,-0.6655996769625852,Resultados_Testes_2DS1112_DoE_full_288.xlsx,125,GRU,40,5.0,60,150,16-64:16,512,0.24894826899560038,-0.9145479459581856,0.4209607221453704,0.3908518023524705,0.54139640131697
LSTM|40|3.0|120|150|16-64:16|512,rssi_odom_dataset_11apr25_isolado.parquet→rssi_odom_dataset_12apr25_isolado,3.0,-1.15363885233286,Resultados_Testes_2DS1112_DoE_full_288.xlsx,75,LSTM,40,3.0,120,150,16-64:16,512,-0.3322190521621384,-0.8214198001707216,0.34231142608468473,0.3166754346615582,0.44485539177719086
LSTM|100|5.0|60|150|32-96:32|1024,rssi_odom_dataset_11apr25_isolado.parquet→rssi_odom_dataset_12apr25_isolado,5.0,-0.6791615907225044,Resultados_Testes_2DS1112_DoE_full_288.xlsx,50,LSTM,100,5.0,60,150,32-96:32,1024,0.3329851283395989,-1.0121467190621032,0.4220152117181878,0.3887013319037252,0.5552707309760383
LSTM|40|3.0|60|150|32-96:32|1024,rssi_odom_dataset_11apr25_isolado.parquet→rssi_odom_dataset_12apr25_isolado,3.0,-1.1699259647678784,Resultados_Testes_2DS1112_DoE_full_288.xlsx,75,LSTM,40,3.0,60,150,32-96:32,1024,-0.3104349796980172,-0.8594909850698611,0.3411533628312865,0.3143305236842868,0.4484447194192853
LSTM|40|3.0|120|150|32-96:32|1024,rssi_odom_dataset_11apr25_isolado.parquet→rssi_odom_dataset_12apr25_isolado,3.0,-1.185239768019194,Resultados_Testes_2DS1112_DoE_full_288.xlsx,75,LSTM,40,3.0,120,150,32-96:32,1024,-0.5395265803097592,-0.6457131877094348,0.3319146726669869,0.31213434855226585,0.41103596912587087
LSTM|40|5.0|60|150|32-96:32|512,rssi_odom_dataset_11apr25_isolado.parquet→rssi_odom_dataset_12apr25_isolado,5.0,-0.7338898385335728,Resultados_Testes_2DS1112_DoE_full_288.xlsx,125,LSTM,40,5.0,60,150,32-96:32,512,-0.3672114648083406,-0.3666783737252322,0.391874731866704,0.38006793359610935,0.43910192494908246
LSTM|40|3.0|120|150|32-96:32|2048,rssi_odom_dataset_11apr25_isolado.parquet→rssi_odom_dataset_12apr25_isolado,3.0,-1.223345577235353,Resultados_Testes_2DS1112_DoE_full_288.xlsx,75,LSTM,40,3.0,120,150,32-96:32,2048,-0.13209181730723224,-1.0912537599281207,0.3409647186125138,0.30670616999770817,0.4779989130717362
GRU|40|5.0|120|20|64-256:64|2048,rssi_odom_dataset_11apr25_isolado.parquet→rssi_odom_dataset_12apr25_isolado,5.0,-0.7645632855557095,Resultados_Testes_2DS1112_DoE_full_288.xlsx,125,GRU,40,5.0,120,20,64-256:64,2048,0.0903748314009528,-0.8549381169566623,0.40322100639334413,0.37526177871808797,0.5150579170943689
LSTM|100|5.0|120|20|64-256:64|2048,rssi_odom_dataset_11apr25_isolado.parquet→rssi_odom_dataset_12apr25_isolado,5.0,-0.7962558672245317,Resultados_Testes_2DS1112_DoE_full_288.xlsx,50,LSTM,100,5.0,120,20,64-256:64,2048,0.43391642285668436,-1.230172290081216,0.41062116251822545,0.37032163515011557,0.571819271990665
GRU|100|5.0|60|150|64-256:64|1024,rssi_odom_dataset_11apr25_isolado.parquet→rssi_odom_dataset_12apr25_isolado,5.0,-0.84037234668028,Resultados_Testes_2DS1112_DoE_full_288.xlsx,50,GRU,100,5.0,60,150,64-256:64,1024,0.02930916095409459,-0.8696815076343747,0.3917689615680013,0.36349002577271206,0.5048847047491581
LSTM|40|3.0|120|150|64-256:64|512,rssi_odom_dataset_11apr25_isolado.parquet→rssi_odom_dataset_12apr25_isolado,3.0,-1.3245712444402264,Resultados_Testes_2DS1112_DoE_full_288.xlsx,75,LSTM,40,3.0,120,150,64-256:64,512,-0.20910292620145776,-1.1154683182387686,0.3270784968657943,0.29254666107657845,0.46520584002265786
LSTM|40|5.0|120|150|32-96:32|2048,rssi_odom_dataset_11apr25_isolado.parquet→rssi_odom_dataset_12apr25_isolado,5.0,-0.8924458116296651,Resultados_Testes_2DS1112_DoE_full_288.xlsx,125,LSTM,40,5.0,120,150,32-96:32,2048,0.24924632339336258,-1.1416921350230276,0.39268652586701414,0.3554967233001956,0.5414457361342883
GRU|100|5.0|120|20|16-64:16|2048,rssi_odom_dataset_11apr25_isolado.parquet→rssi_odom_dataset_12apr25_isolado,5.0,-0.9218828969962826,Resultados_Testes_2DS1112_DoE_full_288.xlsx,50,GRU,100,5.0,120,20,16-64:16,2048,-1.6911179287732583,0.7692350317769757,0.2659138633850743,0.35101318859170305,0.24463903208341706
LSTM|40|5.0|120|150|32-96:32|1024,rssi_odom_dataset_11apr25_isolado.parquet→rssi_odom_dataset_12apr25_isolado,5.0,-0.9320739643950411,Resultados_Testes_2DS1112_DoE_full_288.xlsx,125,LSTM,40,5.0,120,150,32-96:32,1024,0.15069221518470624,-1.0827661795797474,0.3845924984630087,0.3494670562275565,0.5250942674048173
LSTM|100|5.0|120|150|32-96:32|2048,rssi_odom_dataset_11apr25_isolado.parquet→rssi_odom_dataset_12apr25_isolado,5.0,-0.9350083428728115,Resultados_Testes_2DS1112_DoE_full_288.xlsx,50,LSTM,100,5.0,120,150,32-96:32,2048,0.05627803738608317,-0.9912863802588947,0.3810936771321328,0.349022453221143,0.509378572776092
LSTM|40|3.0|120|150|64-256:64|2048,rssi_odom_dataset_11apr25_isolado.parquet→rssi_odom_dataset_12apr25_isolado,3.0,-1.462633446825738,Resultados_Testes_2DS1112_DoE_full_288.xlsx,75,LSTM,40,3.0,120,150,64-256:64,2048,-0.15149171268111422,-1.3111417341446239,0.31404842531539917,0.2738673265356906,0.47477282043423324
LSTM|100|5.0|60|20|16-64:16|2048,rssi_odom_dataset_11apr25_isolado.parquet→rssi_odom_dataset_12apr25_isolado,5.0,-1.0301134007228647,Resultados_Testes_2DS1112_DoE_full_288.xlsx,50,LSTM,100,5.0,60,20,16-64:16,2048,-0.35882079521546256,-0.6712926055074022,0.3559025489927732,0.33475816353954396,0.44048009080569017
LSTM|40|5.0|60|150|64-256:64|512,rssi_odom_dataset_11apr25_isolado.parquet→rssi_odom_dataset_12apr25_isolado,5.0,-1.0418891733726554,Resultados_Testes_2DS1112_DoE_full_288.xlsx,125,LSTM,40,5.0,60,150,64-256:64,512,0.08831375775289264,-1.1302029311255481,0.3693526746248335,0.3330121659496176,0.5147147093256972
LSTM|40|5.0|60|150|64-256:64|2048,rssi_odom_dataset_11apr25_isolado.parquet→rssi_odom_dataset_12apr25_isolado,5.0,-1.0616462127953499,Resultados_Testes_2DS1112_DoE_full_288.xlsx,125,LSTM,40,5.0,60,150,64-256:64,2048,0.11377532893257733,-1.1754215417279272,0.3678651506956904,0.3300930711994728,0.5189534686805609
GRU|40|3.0|120|150|64-256:64|1024,rssi_odom_dataset_11apr25_isolado.parquet→rssi_odom_dataset_12apr25_isolado,3.0,-1.5423965981235503,Resultados_Testes_2DS1112_DoE_full_288.xlsx,75,GRU,40,3.0,120,150,64-256:64,1024,-0.05826903697772486,-1.4841275611458256,0.3087945229786702,0.2634207250019078,0.49028971488571993
LSTM|40|5.0|120|150|16-64:16|2048,rssi_odom_dataset_11apr25_isolado.parquet→rssi_odom_dataset_12apr25_isolado,5.0,-1.0783245420429213,Resultados_Testes_2DS1112_DoE_full_288.xlsx,125,LSTM,40,5.0,120,150,16-64:16,2048,-0.06401608385253568,-1.0143084581903856,0.3599776505021911,0.3276389951803677,0.48933227178948474
GRU|40|5.0|120|150|32-96:32|2048,rssi_odom_dataset_11apr25_isolado.parquet→rssi_odom_dataset_12apr25_isolado,5.0,-1.087953452417111,Resultados_Testes_2DS1112_DoE_full_288.xlsx,125,GRU,40,5.0,120,150,32-96:32,2048,0.06868399508119036,-1.1566374474983014,0.3632702268295642,0.3262264503286652,0.5114453328331603
LSTM|40|3.0|120|20|16-64:16|512,rssi_odom_dataset_11apr25_isolado.parquet→rssi_odom_dataset_12apr25_isolado,3.0,-1.6544161383535776,Resultados_Testes_2DS1112_DoE_full_288.xlsx,75,LSTM,40,3.0,120,20,16-64:16,512,0.004776417830884378,-1.659192556184462,0.29951014718024327,0.2491886667338473,0.5007960689658272
GRU|40|5.0|120|150|32-96:32|512,rssi_odom_dataset_11apr25_isolado.parquet→rssi_odom_dataset_12apr25_isolado,5.0,-1.2106554707435617,Resultados_Testes_2DS1112_DoE_full_288.xlsx,125,GRU,40,5.0,120,150,32-96:32,512,0.2855727538225226,-1.4962282245660843,0.3562968710950048,0.30850803410836186,0.5474522190415765
GRU|40|5.0|120|150|16-64:16|1024,rssi_odom_dataset_11apr25_isolado.parquet→rssi_odom_dataset_12apr25_isolado,5.0,-1.2226725661407005,Resultados_Testes_2DS1112_DoE_full_288.xlsx,125,GRU,40,5.0,120,150,16-64:16,1024,0.13584132105101498,-1.3585138871917155,0.3499662184870205,0.30680158319988243,0.5226247596355726
GRU|40|5.0|120|150|16-64:16|512,rssi_odom_dataset_11apr25_isolado.parquet→rssi_odom_dataset_12apr25_isolado,5.0,-1.2311622044831476,Resultados_Testes_2DS1112_DoE_full_288.xlsx,125,GRU,40,5.0,120,150,16-64:16,512,-0.13453625771175426,-1.0966259467713932,0.33999783434785086,0.3055992154790174,0.47759230982318474
LSTM|40|3.0|60|150|16-64:16|512,rssi_odom_dataset_11apr25_isolado.parquet→rssi_odom_dataset_12apr25_isolado,3.0,-1.8176019080243224,Resultados_Testes_2DS1112_DoE_full_288.xlsx,75,LSTM,40,3.0,60,150,16-64:16,512,-0.5296910940711193,-1.2879108139532032,0.2660402694850476,0.22939427643450347,0.4126242416872243
GRU|40|5.0|60|150|32-96:32|512,rssi_odom_dataset_11apr25_isolado.parquet→rssi_odom_dataset_12apr25_isolado,5.0,-1.3579271932031267,Resultados_Testes_2DS1112_DoE_full_288.xlsx,125,GRU,40,5.0,60,150,32-96:32,512,0.26880867604809927,-1.626735869251226,0.339308931951418,0.287965682185815,0.54468193101383
LSTM|40|5.0|60|150|16-64:16|512,rssi_odom_dataset_11apr25_isolado.parquet→rssi_odom_dataset_12apr25_isolado,5.0,-1.360440353800734,Resultados_Testes_2DS1112_DoE_full_288.xlsx,125,LSTM,40,5.0,60,150,16-64:16,512,-0.2726434734229356,-1.0877968803777982,0.3210346382115214,0.28762226953834447,0.454684112904229
LSTM|40|3.0|60|150|32-96:32|512,rssi_odom_dataset_11apr25_isolado.parquet→rssi_odom_dataset_12apr25_isolado,3.0,-1.8570824407261555,Resultados_Testes_2DS1112_DoE_full_288.xlsx,75,LSTM,40,3.0,60,150,32-96:32,512,-0.20592837299918698,-1.6511540677269685,0.2729662653031332,0.22477472946530194,0.4657324086544582
LSTM|40|5.0|120|150|64-256:64|2048,rssi_odom_dataset_11apr25_isolado.parquet→rssi_odom_dataset_12apr25_isolado,5.0,-1.4869243116972803,Resultados_Testes_2DS1112_DoE_full_288.xlsx,125,LSTM,40,5.0,120,150,64-256:64,2048,0.06824412270161324,-1.5551684343988936,0.3188014201125219,0.2706587604059686,0.5113720589387352
LSTM|40|5.0|120|150|32-96:32|512,rssi_odom_dataset_11apr25_isolado.parquet→rssi_odom_dataset_12apr25_isolado,5.0,-1.5072995274900463,Resultados_Testes_2DS1112_DoE_full_288.xlsx,125,LSTM,40,5.0,120,150,32-96:32,512,-0.040601351223919634,-1.4666981762661266,0.3130352762945682,0.26798571505625185,0.4932335212478333
GRU|40|5.0|60|150|64-256:64|512,rssi_odom_dataset_11apr25_isolado.parquet→rssi_odom_dataset_12apr25_isolado,5.0,-1.598981171566153,Resultados_Testes_2DS1112_DoE_full_288.xlsx,125,GRU,40,5.0,60,150,64-256:64,512,0.12793245550953936,-1.7269136270756924,0.30919535952524546,0.25616690930330516,0.5213091604130065
GRU|40|5.0|60|150|64-256:64|2048,rssi_odom_dataset_11apr25_isolado.parquet→rssi_odom_dataset_12apr25_isolado,5.0,-1.6927536126497602,Resultados_Testes_2DS1112_DoE_full_288.xlsx,125,GRU,40,5.0,60,150,64-256:64,2048,0.255489154762916,-1.948242767412676,0.30404584145310043,0.24443758200385346,0.5424788792500884
LSTM|100|5.0|120|150|64-256:64|2048,rssi_odom_dataset_11apr25_isolado.parquet→rssi_odom_dataset_12apr25_isolado,5.0,-1.7399157926798992,Resultados_Testes_2DS1112_DoE_full_288.xlsx,50,LSTM,100,5.0,120,150,64-256:64,2048,0.2828804157916555,-2.0227962084715547,0.30034348870222016,0.23867748591271548,0.5470074998602387
LSTM|40|5.0|60|150|16-64:16|1024,rssi_odom_dataset_11apr25_isolado.parquet→rssi_odom_dataset_12apr25_isolado,5.0,-1.8168019209018078,Resultados_Testes_2DS1112_DoE_full_288.xlsx,125,LSTM,40,5.0,60,150,16-64:16,1024,0.0680373784929852,-1.884839299394793,0.28585837763791117,0.22948856721205765,0.511337619341325
GRU|40|5.0|120|150|64-256:64|512,rssi_odom_dataset_11apr25_isolado.parquet→rssi_odom_dataset_12apr25_isolado,5.0,-1.8175921848901921,Resultados_Testes_2DS1112_DoE_full_288.xlsx,125,GRU,40,5.0,120,150,64-256:64,512,0.028409801189907682,-1.8460019860800998,0.284463302898888,0.22939542229194013,0.5047348253266796
GRU|100|5.0|60|150|64-256:64|512,rssi_odom_dataset_11apr25_isolado.parquet→rssi_odom_dataset_12apr25_isolado,5.0,-1.841469727142644,Resultados_Testes_2DS1112_DoE_full_288.xlsx,50,GRU,100,5.0,60,150,64-256:64,512,0.23679202609141148,-2.0782617532340555,0.2891516059789697,0.226593611379247,0.5393835843778606
GRU|100|5.0|60|150|64-256:64|2048,rssi_odom_dataset_11apr25_isolado.parquet→rssi_odom_dataset_12apr25_isolado,5.0,-1.8601251567831765,Resultados_Testes_2DS1112_DoE_full_288.xlsx,50,GRU,100,5.0,60,150,64-256:64,2048,0.3762808374083528,-2.236405994191529,0.2920145023072036,0.22442146249843586,0.5623866615422746
LSTM|40|5.0|60|150|64-256:64|1024,rssi_odom_dataset_11apr25_isolado.parquet→rssi_odom_dataset_12apr25_isolado,5.0,-1.9232734170450376,Resultados_Testes_2DS1112_DoE_full_288.xlsx,125,LSTM,40,5.0,60,150,64-256:64,1024,-0.919271647243482,-1.0040017698015555,0.2440251560949199,0.2171789805514691,0.35140985826872323
LSTM|40|5.0|120|150|64-256:64|1024,rssi_odom_dataset_11apr25_isolado.parquet→rssi_odom_dataset_12apr25_isolado,5.0,-1.982551243376708,Resultados_Testes_2DS1112_DoE_full_288.xlsx,125,LSTM,40,5.0,120,150,64-256:64,1024,0.01860377425239804,-2.001155017629106,0.2690484850980611,0.2105354590482866,0.5031005892971591
GRU|100|5.0|120|150|32-96:32|512,rssi_odom_dataset_11apr25_isolado.parquet→rssi_odom_dataset_12apr25_isolado,5.0,-2.026968626365757,Resultados_Testes_2DS1112_DoE_full_288.xlsx,50,GRU,100,5.0,120,150,32-96:32,512,-0.01243082843363759,-2.0145377979321197,0.2641103537546693,0.20565589041377105,0.4979282071182624
LSTM|40|5.0|120|150|64-256:64|512,rssi_odom_dataset_11apr25_isolado.parquet→rssi_odom_dataset_12apr25_isolado,5.0,-2.029616617561175,Resultados_Testes_2DS1112_DoE_full_288.xlsx,125,LSTM,40,5.0,120,150,64-256:64,512,0.20144070080032114,-2.231057318361496,0.2709987395824618,0.20536765363826,0.5335230833592687
GRU|100|5.0|120|150|64-256:64|2048,rssi_odom_dataset_11apr25_isolado.parquet→rssi_odom_dataset_12apr25_isolado,5.0,-2.0813365716976024,Resultados_Testes_2DS1112_DoE_full_288.xlsx,50,GRU,100,5.0,120,150,64-256:64,2048,0.35326411689460496,-2.4346006885922074,0.2715596959192793,0.19979794007357177,0.5586067193021095
LSTM|40|5.0|60|150|16-64:16|2048,rssi_odom_dataset_11apr25_isolado.parquet→rssi_odom_dataset_12apr25_isolado,5.0,-2.1090152905468775,Resultados_Testes_2DS1112_DoE_full_288.xlsx,125,LSTM,40,5.0,60,150,16-64:16,2048,0.24099130118132248,-2.3500065917282,0.2655071019054153,0.19686411633423015,0.540079044190156
LSTM|40|5.0|120|150|16-64:16|512,rssi_odom_dataset_11apr25_isolado.parquet→rssi_odom_dataset_12apr25_isolado,5.0,-2.122975978989112,Resultados_Testes_2DS1112_DoE_full_288.xlsx,125,LSTM,40,5.0,120,150,16-64:16,512,0.16033024344865615,-2.283306222437768,0.2616566430560768,0.19539672996017876,0.5266962954396688
LSTM|40|5.0|60|150|32-96:32|1024,rssi_odom_dataset_11apr25_isolado.parquet→rssi_odom_dataset_12apr25_isolado,5.0,-2.2257794791158836,Resultados_Testes_2DS1112_DoE_full_288.xlsx,125,LSTM,40,5.0,60,150,32-96:32,1024,0.20450348749124586,-2.4302829666071295,0.2546831666430698,0.18484615374988733,0.5340312182157995
LSTM|40|5.0|120|150|16-64:16|1024,rssi_odom_dataset_11apr25_isolado.parquet→rssi_odom_dataset_12apr25_isolado,5.0,-2.294903231552984,Resultados_Testes_2DS1112_DoE_full_288.xlsx,125,LSTM,40,5.0,120,150,16-64:16,1024,0.04205130469950924,-2.3369545362524935,0.2438041182827087,0.17800312490138878,0.5070080918079882
GRU|40|3.0|120|150|32-96:32|1024,rssi_odom_dataset_11apr25_isolado.parquet→rssi_odom_dataset_12apr25_isolado,3.0,-3.0891015064705507,Resultados_Testes_2DS1112_DoE_full_288.xlsx,75,GRU,40,3.0,120,150,32-96:32,1024,-0.16421011539404362,-2.924891391076507,0.1850165120527391,0.11310590317749554,0.47265894755371335
GRU|100|5.0|120|150|64-256:64|1024,rssi_odom_dataset_11apr25_isolado.parquet→rssi_odom_dataset_12apr25_isolado,5.0,-2.6944183594077997,Resultados_Testes_2DS1112_DoE_full_288.xlsx,50,GRU,100,5.0,120,150,64-256:64,1024,0.0008225897614378415,-2.6952409491692375,0.2138711277679961,0.14230463513746083,0.5001370982901372
GRU|100|5.0|60|20|16-64:16|2048,rssi_odom_dataset_11apr25_isolado.parquet→rssi_odom_dataset_12apr25_isolado,5.0,-2.754488086456344,Resultados_Testes_2DS1112_DoE_full_288.xlsx,50,GRU,100,5.0,60,20,16-64:16,2048,-1.8401581676535912,-0.9143299188027529,0.15533854578794665,0.13748646199594863,0.22674688095593876
LSTM|100|5.0|120|150|16-64:16|512,rssi_odom_dataset_11apr25_isolado.parquet→rssi_odom_dataset_12apr25_isolado,5.0,-2.7976168544338287,Resultados_Testes_2DS1112_DoE_full_288.xlsx,50,LSTM,100,5.0,120,150,16-64:16,512,0.2693641085459141,-3.0669809629797427,0.21624457498140714,0.13411227815050872,0.5447737623050007
LSTM|40|3.0|120|150|64-256:64|1024,rssi_odom_dataset_11apr25_isolado.parquet→rssi_odom_dataset_12apr25_isolado,3.0,-3.3537167211369323,Resultados_Testes_2DS1112_DoE_full_288.xlsx,75,LSTM,40,3.0,120,150,64-256:64,1024,-0.2723094077978943,-3.081407313339038,0.16821219716573382,0.09658041302640663,0.45473933372304237
GRU|40|5.0|60|150|32-96:32|1024,rssi_odom_dataset_11apr25_isolado.parquet→rssi_odom_dataset_12apr25_isolado,5.0,-3.774424590483369,Resultados_Testes_2DS1112_DoE_full_288.xlsx,125,GRU,40,5.0,60,150,32-96:32,1024,0.22203732232283016,-3.996461912806199,0.1671673844405262,0.07472453137169366,0.5369387967158563
GRU|40|5.0|60|150|16-64:16|2048,rssi_odom_dataset_11apr25_isolado.parquet→rssi_odom_dataset_12apr25_isolado,5.0,-4.203957063148322,Resultados_Testes_2DS1112_DoE_full_288.xlsx,125,GRU,40,5.0,60,150,16-64:16,2048,0.2205799639178325,-4.424537027066155,0.1530848740891813,0.05718178744065367,0.5366972206832917
GRU|40|5.0|120|150|64-256:64|1024,rssi_odom_dataset_11apr25_isolado.parquet→rssi_odom_dataset_12apr25_isolado,5.0,-4.534587409336227,Resultados_Testes_2DS1112_DoE_full_288.xlsx,125,GRU,40,5.0,120,150,64-256:64,1024,0.0830909838892064,-4.617678393225433,0.13988497629384308,0.046394981059343934,0.5138449572318396
GRU|100|3.0|60|20|16-64:16|2048,rssi_odom_dataset_11apr25_isolado.parquet→rssi_odom_dataset_12apr25_isolado,3.0,-10.967299262576818,Resultados_Testes_2DS1112_DoE_full_288.xlsx,30,GRU,100,3.0,60,20,16-64:16,2048,-1.9090033890516576,-9.05829587352516,0.044294021259058555,0.0006673469973013397,0.21880071830608744
