_key_,_dataset_id_,_seconds_,Z_1112,__file__,Modelo,group_msec,seconds_ahead,forecast_steps,timesteps_orig,Epochs,units_range,batch_size,Z_1211,DeltaZ
GRU|100|3.0|30|60|20|32-96:32|512,rssi_odom_dataset_11apr25_isolado.parquet→rssi_odom_dataset_12apr25_isolado,3.0,1.8322384693552123,Resultados_Testes_2DS1112_DoE_full_288.xlsx,GRU,100,3.0,30,60,20,32-96:32,512,0.19021841172308054,1.6420200576321318
LSTM|100|3.0|30|60|20|64-256:64|1024,rssi_odom_dataset_11apr25_isolado.parquet→rssi_odom_dataset_12apr25_isolado,3.0,1.8140092793544271,Resultados_Testes_2DS1112_DoE_full_288.xlsx,LSTM,100,3.0,30,60,20,64-256:64,1024,0.16688285407642314,1.647126425278004
GRU|100|3.0|30|120|20|64-256:64|1024,rssi_odom_dataset_11apr25_isolado.parquet→rssi_odom_dataset_12apr25_isolado,3.0,1.8126158613929084,Resultados_Testes_2DS1112_DoE_full_288.xlsx,GRU,100,3.0,30,120,20,64-256:64,1024,0.1451900214265504,1.667425839966358
GRU|100|3.0|30|60|20|16-64:16|1024,rssi_odom_dataset_11apr25_isolado.parquet→rssi_odom_dataset_12apr25_isolado,3.0,1.7855983534415107,Resultados_Testes_2DS1112_DoE_full_288.xlsx,GRU,100,3.0,30,60,20,16-64:16,1024,0.06849063242004602,1.7171077210214647
GRU|100|3.0|30|120|20|32-96:32|512,rssi_odom_dataset_11apr25_isolado.parquet→rssi_odom_dataset_12apr25_isolado,3.0,1.7504408661689927,Resultados_Testes_2DS1112_DoE_full_288.xlsx,GRU,100,3.0,30,120,20,32-96:32,512,-0.046349749369775775,1.7967906155387685
GRU|100|3.0|30|120|20|16-64:16|1024,rssi_odom_dataset_11apr25_isolado.parquet→rssi_odom_dataset_12apr25_isolado,3.0,1.700038474902106,Resultados_Testes_2DS1112_DoE_full_288.xlsx,GRU,100,3.0,30,120,20,16-64:16,1024,-1.0456740061770422,2.7457124810791482
LSTM|100|3.0|30|120|20|64-256:64|2048,rssi_odom_dataset_11apr25_isolado.parquet→rssi_odom_dataset_12apr25_isolado,3.0,1.69594942891562,Resultados_Testes_2DS1112_DoE_full_288.xlsx,LSTM,100,3.0,30,120,20,64-256:64,2048,-0.3398521847564306,2.0358016136720507
GRU|100|3.0|30|120|20|64-256:64|512,rssi_odom_dataset_11apr25_isolado.parquet→rssi_odom_dataset_12apr25_isolado,3.0,1.678411119107769,Resultados_Testes_2DS1112_DoE_full_288.xlsx,GRU,100,3.0,30,120,20,64-256:64,512,-0.08750503907142257,1.7659161581791916
GRU|100|3.0|30|60|20|64-256:64|1024,rssi_odom_dataset_11apr25_isolado.parquet→rssi_odom_dataset_12apr25_isolado,3.0,1.6640809554430913,Resultados_Testes_2DS1112_DoE_full_288.xlsx,GRU,100,3.0,30,60,20,64-256:64,1024,0.259386453244734,1.4046945021983572
GRU|100|3.0|30|60|20|64-256:64|2048,rssi_odom_dataset_11apr25_isolado.parquet→rssi_odom_dataset_12apr25_isolado,3.0,1.6502502782911679,Resultados_Testes_2DS1112_DoE_full_288.xlsx,GRU,100,3.0,30,60,20,64-256:64,2048,-0.14971322240103838,1.7999635006922063
LSTM|100|3.0|30|120|20|16-64:16|512,rssi_odom_dataset_11apr25_isolado.parquet→rssi_odom_dataset_12apr25_isolado,3.0,1.6223057321098608,Resultados_Testes_2DS1112_DoE_full_288.xlsx,LSTM,100,3.0,30,120,20,16-64:16,512,-0.007844334368345163,1.630150066478206
LSTM|100|3.0|30|120|20|32-96:32|2048,rssi_odom_dataset_11apr25_isolado.parquet→rssi_odom_dataset_12apr25_isolado,3.0,1.5770305713971582,Resultados_Testes_2DS1112_DoE_full_288.xlsx,LSTM,100,3.0,30,120,20,32-96:32,2048,-0.2562140961494093,1.8332446675465675
GRU|100|3.0|30|60|20|64-256:64|512,rssi_odom_dataset_11apr25_isolado.parquet→rssi_odom_dataset_12apr25_isolado,3.0,1.5556950985522737,Resultados_Testes_2DS1112_DoE_full_288.xlsx,GRU,100,3.0,30,60,20,64-256:64,512,0.2141342393299572,1.3415608592223165
LSTM|100|3.0|30|60|150|64-256:64|2048,rssi_odom_dataset_11apr25_isolado.parquet→rssi_odom_dataset_12apr25_isolado,3.0,1.5495369187644998,Resultados_Testes_2DS1112_DoE_full_288.xlsx,LSTM,100,3.0,30,60,150,64-256:64,2048,0.010129579238095697,1.539407339526404
LSTM|100|3.0|30|120|20|16-64:16|2048,rssi_odom_dataset_11apr25_isolado.parquet→rssi_odom_dataset_12apr25_isolado,3.0,1.5193850270585636,Resultados_Testes_2DS1112_DoE_full_288.xlsx,LSTM,100,3.0,30,120,20,16-64:16,2048,-1.198239114119871,2.7176241411784345
LSTM|100|3.0|30|60|20|64-256:64|2048,rssi_odom_dataset_11apr25_isolado.parquet→rssi_odom_dataset_12apr25_isolado,3.0,1.5151841743995793,Resultados_Testes_2DS1112_DoE_full_288.xlsx,LSTM,100,3.0,30,60,20,64-256:64,2048,-2.0600207216257114,3.5752048960252907
LSTM|100|5.0|50|60|20|64-256:64|2048,rssi_odom_dataset_11apr25_isolado.parquet→rssi_odom_dataset_12apr25_isolado,5.0,1.9721090292568577,Resultados_Testes_2DS1112_DoE_full_288.xlsx,LSTM,100,5.0,50,60,20,64-256:64,2048,-0.39887674692253255,2.37098577617939
LSTM|100|3.0|30|120|20|32-96:32|512,rssi_odom_dataset_11apr25_isolado.parquet→rssi_odom_dataset_12apr25_isolado,3.0,1.4435953234861945,Resultados_Testes_2DS1112_DoE_full_288.xlsx,LSTM,100,3.0,30,120,20,32-96:32,512,0.14694774571410585,1.2966475777720885
GRU|100|3.0|30|120|20|16-64:16|512,rssi_odom_dataset_11apr25_isolado.parquet→rssi_odom_dataset_12apr25_isolado,3.0,1.4310953560102522,Resultados_Testes_2DS1112_DoE_full_288.xlsx,GRU,100,3.0,30,120,20,16-64:16,512,0.11536684150451072,1.3157285145057414
LSTM|100|3.0|30|120|20|64-256:64|512,rssi_odom_dataset_11apr25_isolado.parquet→rssi_odom_dataset_12apr25_isolado,3.0,1.4206314100516635,Resultados_Testes_2DS1112_DoE_full_288.xlsx,LSTM,100,3.0,30,120,20,64-256:64,512,-0.0196622149418247,1.4402936249934881
LSTM|100|3.0|30|60|20|64-256:64|512,rssi_odom_dataset_11apr25_isolado.parquet→rssi_odom_dataset_12apr25_isolado,3.0,1.387546573863271,Resultados_Testes_2DS1112_DoE_full_288.xlsx,LSTM,100,3.0,30,60,20,64-256:64,512,-0.1000088738576246,1.4875554477208957
GRU|100|3.0|30|60|20|16-64:16|512,rssi_odom_dataset_11apr25_isolado.parquet→rssi_odom_dataset_12apr25_isolado,3.0,1.3616339184388535,Resultados_Testes_2DS1112_DoE_full_288.xlsx,GRU,100,3.0,30,60,20,16-64:16,512,-0.11668688272999218,1.4783208011688458
GRU|100|5.0|50|120|20|32-96:32|1024,rssi_odom_dataset_11apr25_isolado.parquet→rssi_odom_dataset_12apr25_isolado,5.0,1.8581698266591864,Resultados_Testes_2DS1112_DoE_full_288.xlsx,GRU,100,5.0,50,120,20,32-96:32,1024,0.4986219906953456,1.3595478359638409
LSTM|100|5.0|50|120|150|16-64:16|2048,rssi_odom_dataset_11apr25_isolado.parquet→rssi_odom_dataset_12apr25_isolado,5.0,1.845016992074266,Resultados_Testes_2DS1112_DoE_full_288.xlsx,LSTM,100,5.0,50,120,150,16-64:16,2048,0.08381393931087736,1.7612030527633886
GRU|100|3.0|30|60|150|16-64:16|2048,rssi_odom_dataset_11apr25_isolado.parquet→rssi_odom_dataset_12apr25_isolado,3.0,1.3092574308765659,Resultados_Testes_2DS1112_DoE_full_288.xlsx,GRU,100,3.0,30,60,150,16-64:16,2048,0.007038008184432789,1.302219422692133
LSTM|100|5.0|50|120|20|32-96:32|1024,rssi_odom_dataset_11apr25_isolado.parquet→rssi_odom_dataset_12apr25_isolado,5.0,1.7849554966093424,Resultados_Testes_2DS1112_DoE_full_288.xlsx,LSTM,100,5.0,50,120,20,32-96:32,1024,0.11438784940484083,1.6705676472045015
GRU|40|3.0|75|120|20|32-96:32|512,rssi_odom_dataset_11apr25_isolado.parquet→rssi_odom_dataset_12apr25_isolado,3.0,1.274948249926376,Resultados_Testes_2DS1112_DoE_full_288.xlsx,GRU,40,3.0,75,120,20,32-96:32,512,-0.3670614820052042,1.6420097319315803
GRU|100|5.0|50|120|20|32-96:32|512,rssi_odom_dataset_11apr25_isolado.parquet→rssi_odom_dataset_12apr25_isolado,5.0,1.7776144937986003,Resultados_Testes_2DS1112_DoE_full_288.xlsx,GRU,100,5.0,50,120,20,32-96:32,512,0.5133130037063905,1.2643014900922096
LSTM|100|5.0|50|60|20|32-96:32|1024,rssi_odom_dataset_11apr25_isolado.parquet→rssi_odom_dataset_12apr25_isolado,5.0,1.7744153675067544,Resultados_Testes_2DS1112_DoE_full_288.xlsx,LSTM,100,5.0,50,60,20,32-96:32,1024,0.5154311689000963,1.2589841986066581
LSTM|100|5.0|50|60|20|64-256:64|1024,rssi_odom_dataset_11apr25_isolado.parquet→rssi_odom_dataset_12apr25_isolado,5.0,1.7585848619345685,Resultados_Testes_2DS1112_DoE_full_288.xlsx,LSTM,100,5.0,50,60,20,64-256:64,1024,0.6543303901258751,1.1042544718086935
GRU|100|5.0|50|120|20|64-256:64|1024,rssi_odom_dataset_11apr25_isolado.parquet→rssi_odom_dataset_12apr25_isolado,5.0,1.750516999103831,Resultados_Testes_2DS1112_DoE_full_288.xlsx,GRU,100,5.0,50,120,20,64-256:64,1024,0.5940924950284457,1.1564245040753853
GRU|100|5.0|50|60|20|16-64:16|1024,rssi_odom_dataset_11apr25_isolado.parquet→rssi_odom_dataset_12apr25_isolado,5.0,1.7172463655778045,Resultados_Testes_2DS1112_DoE_full_288.xlsx,GRU,100,5.0,50,60,20,16-64:16,1024,0.14386109906963043,1.573385266508174
GRU|100|3.0|30|60|20|32-96:32|2048,rssi_odom_dataset_11apr25_isolado.parquet→rssi_odom_dataset_12apr25_isolado,3.0,1.2138462244020247,Resultados_Testes_2DS1112_DoE_full_288.xlsx,GRU,100,3.0,30,60,20,32-96:32,2048,-0.872219320237573,2.086065544639598
LSTM|100|3.0|30|60|20|32-96:32|1024,rssi_odom_dataset_11apr25_isolado.parquet→rssi_odom_dataset_12apr25_isolado,3.0,1.209003363488952,Resultados_Testes_2DS1112_DoE_full_288.xlsx,LSTM,100,3.0,30,60,20,32-96:32,1024,0.1007398312077254,1.1082635322812266
GRU|40|3.0|75|60|20|32-96:32|512,rssi_odom_dataset_11apr25_isolado.parquet→rssi_odom_dataset_12apr25_isolado,3.0,1.1794264975850794,Resultados_Testes_2DS1112_DoE_full_288.xlsx,GRU,40,3.0,75,60,20,32-96:32,512,0.06579364237136391,1.1136328552137156
GRU|40|5.0|125|120|20|32-96:32|2048,rssi_odom_dataset_11apr25_isolado.parquet→rssi_odom_dataset_12apr25_isolado,5.0,1.6725233919226046,Resultados_Testes_2DS1112_DoE_full_288.xlsx,GRU,40,5.0,125,120,20,32-96:32,2048,0.22643204984329557,1.446091342079309
GRU|100|5.0|50|60|20|64-256:64|512,rssi_odom_dataset_11apr25_isolado.parquet→rssi_odom_dataset_12apr25_isolado,5.0,1.6686845303672246,Resultados_Testes_2DS1112_DoE_full_288.xlsx,GRU,100,5.0,50,60,20,64-256:64,512,0.5628934552943365,1.105791075072888
GRU|100|3.0|30|60|20|32-96:32|1024,rssi_odom_dataset_11apr25_isolado.parquet→rssi_odom_dataset_12apr25_isolado,3.0,1.1118728441968386,Resultados_Testes_2DS1112_DoE_full_288.xlsx,GRU,100,3.0,30,60,20,32-96:32,1024,-0.30507479788230546,1.416947642079144
GRU|100|3.0|30|60|150|16-64:16|1024,rssi_odom_dataset_11apr25_isolado.parquet→rssi_odom_dataset_12apr25_isolado,3.0,1.111665037197086,Resultados_Testes_2DS1112_DoE_full_288.xlsx,GRU,100,3.0,30,60,150,16-64:16,1024,0.06132433146976146,1.0503407057273244
GRU|100|3.0|30|120|150|64-256:64|2048,rssi_odom_dataset_11apr25_isolado.parquet→rssi_odom_dataset_12apr25_isolado,3.0,1.1067229438184543,Resultados_Testes_2DS1112_DoE_full_288.xlsx,GRU,100,3.0,30,120,150,64-256:64,2048,0.07157565081896997,1.0351472929994843
GRU|100|5.0|50|120|20|32-96:32|2048,rssi_odom_dataset_11apr25_isolado.parquet→rssi_odom_dataset_12apr25_isolado,5.0,1.6066127481150168,Resultados_Testes_2DS1112_DoE_full_288.xlsx,GRU,100,5.0,50,120,20,32-96:32,2048,0.23826314312542057,1.3683496049895962
GRU|100|3.0|30|120|150|32-96:32|1024,rssi_odom_dataset_11apr25_isolado.parquet→rssi_odom_dataset_12apr25_isolado,3.0,1.1005790174220977,Resultados_Testes_2DS1112_DoE_full_288.xlsx,GRU,100,3.0,30,120,150,32-96:32,1024,0.05935425504528349,1.0412247623768143
GRU|100|3.0|30|60|150|64-256:64|2048,rssi_odom_dataset_11apr25_isolado.parquet→rssi_odom_dataset_12apr25_isolado,3.0,1.0926645960983448,Resultados_Testes_2DS1112_DoE_full_288.xlsx,GRU,100,3.0,30,60,150,64-256:64,2048,0.029653119818518363,1.0630114762798264
LSTM|100|3.0|30|120|20|32-96:32|1024,rssi_odom_dataset_11apr25_isolado.parquet→rssi_odom_dataset_12apr25_isolado,3.0,1.0866633960470315,Resultados_Testes_2DS1112_DoE_full_288.xlsx,LSTM,100,3.0,30,120,20,32-96:32,1024,0.10635051681531406,0.9803128792317175
GRU|100|5.0|50|120|20|16-64:16|1024,rssi_odom_dataset_11apr25_isolado.parquet→rssi_odom_dataset_12apr25_isolado,5.0,1.5654737023481167,Resultados_Testes_2DS1112_DoE_full_288.xlsx,GRU,100,5.0,50,120,20,16-64:16,1024,-0.875897622819191,2.4413713251673075
GRU|100|5.0|50|120|20|64-256:64|2048,rssi_odom_dataset_11apr25_isolado.parquet→rssi_odom_dataset_12apr25_isolado,5.0,1.5648869227367672,Resultados_Testes_2DS1112_DoE_full_288.xlsx,GRU,100,5.0,50,120,20,64-256:64,2048,-0.4915978000517632,2.0564847227885306
GRU|40|5.0|125|120|20|32-96:32|512,rssi_odom_dataset_11apr25_isolado.parquet→rssi_odom_dataset_12apr25_isolado,5.0,1.559484205799092,Resultados_Testes_2DS1112_DoE_full_288.xlsx,GRU,40,5.0,125,120,20,32-96:32,512,0.32927704980125766,1.2302071559978345
GRU|40|3.0|75|120|20|32-96:32|2048,rssi_odom_dataset_11apr25_isolado.parquet→rssi_odom_dataset_12apr25_isolado,3.0,1.0486054709356718,Resultados_Testes_2DS1112_DoE_full_288.xlsx,GRU,40,3.0,75,120,20,32-96:32,2048,0.1702098749747607,0.8783955959609111
GRU|40|3.0|75|60|20|64-256:64|2048,rssi_odom_dataset_11apr25_isolado.parquet→rssi_odom_dataset_12apr25_isolado,3.0,1.044985176382962,Resultados_Testes_2DS1112_DoE_full_288.xlsx,GRU,40,3.0,75,60,20,64-256:64,2048,0.0803181337033985,0.9646670426795636
GRU|100|3.0|30|120|150|32-96:32|512,rssi_odom_dataset_11apr25_isolado.parquet→rssi_odom_dataset_12apr25_isolado,3.0,1.0288548694294113,Resultados_Testes_2DS1112_DoE_full_288.xlsx,GRU,100,3.0,30,120,150,32-96:32,512,-0.11552027693488677,1.1443751463642982
GRU|40|5.0|125|60|20|16-64:16|2048,rssi_odom_dataset_11apr25_isolado.parquet→rssi_odom_dataset_12apr25_isolado,5.0,1.5253543052918548,Resultados_Testes_2DS1112_DoE_full_288.xlsx,GRU,40,5.0,125,60,20,16-64:16,2048,0.4086838268302375,1.1166704784616173
GRU|100|5.0|50|60|20|64-256:64|1024,rssi_odom_dataset_11apr25_isolado.parquet→rssi_odom_dataset_12apr25_isolado,5.0,1.5094475614785603,Resultados_Testes_2DS1112_DoE_full_288.xlsx,GRU,100,5.0,50,60,20,64-256:64,1024,0.6687165783520451,0.8407309831265152
LSTM|100|5.0|50|60|20|16-64:16|512,rssi_odom_dataset_11apr25_isolado.parquet→rssi_odom_dataset_12apr25_isolado,5.0,1.4745392867304299,Resultados_Testes_2DS1112_DoE_full_288.xlsx,LSTM,100,5.0,50,60,20,16-64:16,512,0.21583919942834356,1.2587000873020864
LSTM|100|5.0|50|60|20|16-64:16|1024,rssi_odom_dataset_11apr25_isolado.parquet→rssi_odom_dataset_12apr25_isolado,5.0,1.4723040441442627,Resultados_Testes_2DS1112_DoE_full_288.xlsx,LSTM,100,5.0,50,60,20,16-64:16,1024,0.5594310318715084,0.9128730122727543
LSTM|100|3.0|30|60|20|32-96:32|512,rssi_odom_dataset_11apr25_isolado.parquet→rssi_odom_dataset_12apr25_isolado,3.0,0.9641149966218998,Resultados_Testes_2DS1112_DoE_full_288.xlsx,LSTM,100,3.0,30,60,20,32-96:32,512,0.037417424384513454,0.9266975722373864
GRU|100|5.0|50|120|20|64-256:64|512,rssi_odom_dataset_11apr25_isolado.parquet→rssi_odom_dataset_12apr25_isolado,5.0,1.4139961570772521,Resultados_Testes_2DS1112_DoE_full_288.xlsx,GRU,100,5.0,50,120,20,64-256:64,512,0.6098814916185648,0.8041146654586874
GRU|100|3.0|30|120|20|32-96:32|2048,rssi_odom_dataset_11apr25_isolado.parquet→rssi_odom_dataset_12apr25_isolado,3.0,0.9101873169589668,Resultados_Testes_2DS1112_DoE_full_288.xlsx,GRU,100,3.0,30,120,20,32-96:32,2048,-0.170336630998562,1.0805239479575288
LSTM|100|3.0|30|120|20|64-256:64|1024,rssi_odom_dataset_11apr25_isolado.parquet→rssi_odom_dataset_12apr25_isolado,3.0,0.9045930665153572,Resultados_Testes_2DS1112_DoE_full_288.xlsx,LSTM,100,3.0,30,120,20,64-256:64,1024,-1.710732187298352,2.615325253813709
GRU|40|3.0|75|120|20|64-256:64|2048,rssi_odom_dataset_11apr25_isolado.parquet→rssi_odom_dataset_12apr25_isolado,3.0,0.8874413308206249,Resultados_Testes_2DS1112_DoE_full_288.xlsx,GRU,40,3.0,75,120,20,64-256:64,2048,-0.048636524288861525,0.9360778551094865
LSTM|100|5.0|50|120|20|64-256:64|512,rssi_odom_dataset_11apr25_isolado.parquet→rssi_odom_dataset_12apr25_isolado,5.0,1.3749436765420449,Resultados_Testes_2DS1112_DoE_full_288.xlsx,LSTM,100,5.0,50,120,20,64-256:64,512,0.5091154382155529,0.8658282383264919
LSTM|100|5.0|50|120|20|16-64:16|2048,rssi_odom_dataset_11apr25_isolado.parquet→rssi_odom_dataset_12apr25_isolado,5.0,1.3675213993119575,Resultados_Testes_2DS1112_DoE_full_288.xlsx,LSTM,100,5.0,50,120,20,16-64:16,2048,0.33799114195644614,1.0295302573555114
LSTM|40|3.0|75|60|20|32-96:32|1024,rssi_odom_dataset_11apr25_isolado.parquet→rssi_odom_dataset_12apr25_isolado,3.0,0.8588430852925888,Resultados_Testes_2DS1112_DoE_full_288.xlsx,LSTM,40,3.0,75,60,20,32-96:32,1024,-0.09940468178844791,0.9582477670810368
GRU|40|3.0|75|60|20|32-96:32|1024,rssi_odom_dataset_11apr25_isolado.parquet→rssi_odom_dataset_12apr25_isolado,3.0,0.8498944560835028,Resultados_Testes_2DS1112_DoE_full_288.xlsx,GRU,40,3.0,75,60,20,32-96:32,1024,0.010957590106409688,0.838936865977093
GRU|100|3.0|30|120|20|64-256:64|2048,rssi_odom_dataset_11apr25_isolado.parquet→rssi_odom_dataset_12apr25_isolado,3.0,0.8387482983258104,Resultados_Testes_2DS1112_DoE_full_288.xlsx,GRU,100,3.0,30,120,20,64-256:64,2048,-0.2151045512115073,1.0538528495373178
GRU|100|5.0|50|60|20|32-96:32|2048,rssi_odom_dataset_11apr25_isolado.parquet→rssi_odom_dataset_12apr25_isolado,5.0,1.3362178283064197,Resultados_Testes_2DS1112_DoE_full_288.xlsx,GRU,100,5.0,50,60,20,32-96:32,2048,-0.9440894308015642,2.2803072591079836
GRU|100|3.0|30|120|150|32-96:32|2048,rssi_odom_dataset_11apr25_isolado.parquet→rssi_odom_dataset_12apr25_isolado,3.0,0.8362586188585904,Resultados_Testes_2DS1112_DoE_full_288.xlsx,GRU,100,3.0,30,120,150,32-96:32,2048,0.0705406805471989,0.7657179383113916
LSTM|100|3.0|30|60|20|16-64:16|2048,rssi_odom_dataset_11apr25_isolado.parquet→rssi_odom_dataset_12apr25_isolado,3.0,0.8267362536678908,Resultados_Testes_2DS1112_DoE_full_288.xlsx,LSTM,100,3.0,30,60,20,16-64:16,2048,-0.9379877810818319,1.7647240347497228
GRU|100|5.0|50|60|20|16-64:16|512,rssi_odom_dataset_11apr25_isolado.parquet→rssi_odom_dataset_12apr25_isolado,5.0,1.2432924774823486,Resultados_Testes_2DS1112_DoE_full_288.xlsx,GRU,100,5.0,50,60,20,16-64:16,512,-0.43727807395236196,1.6805705514347107
LSTM|40|5.0|125|60|20|32-96:32|2048,rssi_odom_dataset_11apr25_isolado.parquet→rssi_odom_dataset_12apr25_isolado,5.0,1.2349224550595608,Resultados_Testes_2DS1112_DoE_full_288.xlsx,LSTM,40,5.0,125,60,20,32-96:32,2048,0.35059834796814293,0.8843241070914178
LSTM|100|3.0|30|60|150|32-96:32|512,rssi_odom_dataset_11apr25_isolado.parquet→rssi_odom_dataset_12apr25_isolado,3.0,0.7276536098840973,Resultados_Testes_2DS1112_DoE_full_288.xlsx,LSTM,100,3.0,30,60,150,32-96:32,512,-0.0012935270657745634,0.7289471369498719
GRU|40|5.0|125|120|20|64-256:64|512,rssi_odom_dataset_11apr25_isolado.parquet→rssi_odom_dataset_12apr25_isolado,5.0,1.2212770726884756,Resultados_Testes_2DS1112_DoE_full_288.xlsx,GRU,40,5.0,125,120,20,64-256:64,512,-0.012113228755812718,1.2333903014442884
GRU|40|3.0|75|60|20|64-256:64|1024,rssi_odom_dataset_11apr25_isolado.parquet→rssi_odom_dataset_12apr25_isolado,3.0,0.6917287454772556,Resultados_Testes_2DS1112_DoE_full_288.xlsx,GRU,40,3.0,75,60,20,64-256:64,1024,-0.1355000754830718,0.8272288209603273
LSTM|40|5.0|125|60|20|16-64:16|512,rssi_odom_dataset_11apr25_isolado.parquet→rssi_odom_dataset_12apr25_isolado,5.0,1.1795003674267521,Resultados_Testes_2DS1112_DoE_full_288.xlsx,LSTM,40,5.0,125,60,20,16-64:16,512,0.10303595506756424,1.0764644123591878
LSTM|40|3.0|75|120|20|32-96:32|1024,rssi_odom_dataset_11apr25_isolado.parquet→rssi_odom_dataset_12apr25_isolado,3.0,0.6745048735514876,Resultados_Testes_2DS1112_DoE_full_288.xlsx,LSTM,40,3.0,75,120,20,32-96:32,1024,0.07180976782138764,0.6026951057301
LSTM|40|3.0|75|60|20|16-64:16|2048,rssi_odom_dataset_11apr25_isolado.parquet→rssi_odom_dataset_12apr25_isolado,3.0,0.6702938614095372,Resultados_Testes_2DS1112_DoE_full_288.xlsx,LSTM,40,3.0,75,60,20,16-64:16,2048,0.034826386374069596,0.6354674750354676
GRU|100|3.0|30|120|20|32-96:32|1024,rssi_odom_dataset_11apr25_isolado.parquet→rssi_odom_dataset_12apr25_isolado,3.0,0.6678007692124747,Resultados_Testes_2DS1112_DoE_full_288.xlsx,GRU,100,3.0,30,120,20,32-96:32,1024,0.09212893051960078,0.5756718386928739
GRU|100|3.0|30|60|150|64-256:64|512,rssi_odom_dataset_11apr25_isolado.parquet→rssi_odom_dataset_12apr25_isolado,3.0,0.6668289316080184,Resultados_Testes_2DS1112_DoE_full_288.xlsx,GRU,100,3.0,30,60,150,64-256:64,512,0.11163884102455239,0.555190090583466
LSTM|100|5.0|50|60|150|16-64:16|2048,rssi_odom_dataset_11apr25_isolado.parquet→rssi_odom_dataset_12apr25_isolado,5.0,1.159344522706677,Resultados_Testes_2DS1112_DoE_full_288.xlsx,LSTM,100,5.0,50,60,150,16-64:16,2048,0.2361668561470369,0.9231776665596401
LSTM|40|3.0|75|60|20|64-256:64|2048,rssi_odom_dataset_11apr25_isolado.parquet→rssi_odom_dataset_12apr25_isolado,3.0,0.6560611232945299,Resultados_Testes_2DS1112_DoE_full_288.xlsx,LSTM,40,3.0,75,60,20,64-256:64,2048,0.039898400106651244,0.6161627231878787
LSTM|100|5.0|50|120|20|32-96:32|512,rssi_odom_dataset_11apr25_isolado.parquet→rssi_odom_dataset_12apr25_isolado,5.0,1.1504689402539114,Resultados_Testes_2DS1112_DoE_full_288.xlsx,LSTM,100,5.0,50,120,20,32-96:32,512,0.5218973475664606,0.6285715926874509
GRU|100|3.0|30|60|150|32-96:32|512,rssi_odom_dataset_11apr25_isolado.parquet→rssi_odom_dataset_12apr25_isolado,3.0,0.6443756951918118,Resultados_Testes_2DS1112_DoE_full_288.xlsx,GRU,100,3.0,30,60,150,32-96:32,512,-0.10429574471746253,0.7486714399092743
LSTM|100|5.0|50|60|150|32-96:32|2048,rssi_odom_dataset_11apr25_isolado.parquet→rssi_odom_dataset_12apr25_isolado,5.0,1.1217152294031514,Resultados_Testes_2DS1112_DoE_full_288.xlsx,LSTM,100,5.0,50,60,150,32-96:32,2048,0.26625653802817256,0.8554586913749789
GRU|40|3.0|75|120|20|16-64:16|2048,rssi_odom_dataset_11apr25_isolado.parquet→rssi_odom_dataset_12apr25_isolado,3.0,0.5984776415808677,Resultados_Testes_2DS1112_DoE_full_288.xlsx,GRU,40,3.0,75,120,20,16-64:16,2048,-0.31491099478116447,0.9133886363620322
GRU|100|5.0|50|60|150|16-64:16|2048,rssi_odom_dataset_11apr25_isolado.parquet→rssi_odom_dataset_12apr25_isolado,5.0,1.0906721904162728,Resultados_Testes_2DS1112_DoE_full_288.xlsx,GRU,100,5.0,50,60,150,16-64:16,2048,0.31494283063156225,0.7757293597847106
GRU|100|3.0|30|60|150|32-96:32|2048,rssi_odom_dataset_11apr25_isolado.parquet→rssi_odom_dataset_12apr25_isolado,3.0,0.5799336920349552,Resultados_Testes_2DS1112_DoE_full_288.xlsx,GRU,100,3.0,30,60,150,32-96:32,2048,0.11437793157978045,0.4655557604551747
GRU|100|5.0|50|120|150|16-64:16|2048,rssi_odom_dataset_11apr25_isolado.parquet→rssi_odom_dataset_12apr25_isolado,5.0,1.070767351887762,Resultados_Testes_2DS1112_DoE_full_288.xlsx,GRU,100,5.0,50,120,150,16-64:16,2048,0.07170598697896353,0.9990613649087985
LSTM|100|3.0|30|60|150|16-64:16|1024,rssi_odom_dataset_11apr25_isolado.parquet→rssi_odom_dataset_12apr25_isolado,3.0,0.5406888406284474,Resultados_Testes_2DS1112_DoE_full_288.xlsx,LSTM,100,3.0,30,60,150,16-64:16,1024,-0.1820992648853011,0.7227881055137484
LSTM|40|3.0|75|120|150|16-64:16|1024,rssi_odom_dataset_11apr25_isolado.parquet→rssi_odom_dataset_12apr25_isolado,3.0,0.538944470776647,Resultados_Testes_2DS1112_DoE_full_288.xlsx,LSTM,40,3.0,75,120,150,16-64:16,1024,-0.32639770805943263,0.8653421788360796
LSTM|100|3.0|30|120|150|64-256:64|2048,rssi_odom_dataset_11apr25_isolado.parquet→rssi_odom_dataset_12apr25_isolado,3.0,0.5332278634795365,Resultados_Testes_2DS1112_DoE_full_288.xlsx,LSTM,100,3.0,30,120,150,64-256:64,2048,0.039964770748562,0.4932630927309746
LSTM|100|3.0|30|60|20|32-96:32|2048,rssi_odom_dataset_11apr25_isolado.parquet→rssi_odom_dataset_12apr25_isolado,3.0,0.5160808681876167,Resultados_Testes_2DS1112_DoE_full_288.xlsx,LSTM,100,3.0,30,60,20,32-96:32,2048,-0.1456267928574401,0.6617076610450567
LSTM|40|3.0|75|120|20|64-256:64|1024,rssi_odom_dataset_11apr25_isolado.parquet→rssi_odom_dataset_12apr25_isolado,3.0,0.5082146754766205,Resultados_Testes_2DS1112_DoE_full_288.xlsx,LSTM,40,3.0,75,120,20,64-256:64,1024,-0.0682341032644878,0.5764487787411082
LSTM|100|5.0|50|120|20|64-256:64|1024,rssi_odom_dataset_11apr25_isolado.parquet→rssi_odom_dataset_12apr25_isolado,5.0,1.001852236242253,Resultados_Testes_2DS1112_DoE_full_288.xlsx,LSTM,100,5.0,50,120,20,64-256:64,1024,0.5136740786272601,0.48817815761499295
GRU|40|3.0|75|60|150|32-96:32|1024,rssi_odom_dataset_11apr25_isolado.parquet→rssi_odom_dataset_12apr25_isolado,3.0,0.49934724725997753,Resultados_Testes_2DS1112_DoE_full_288.xlsx,GRU,40,3.0,75,60,150,32-96:32,1024,-0.2289719586045663,0.7283192058645438
LSTM|40|3.0|75|120|20|16-64:16|1024,rssi_odom_dataset_11apr25_isolado.parquet→rssi_odom_dataset_12apr25_isolado,3.0,0.49679621986342276,Resultados_Testes_2DS1112_DoE_full_288.xlsx,LSTM,40,3.0,75,120,20,16-64:16,1024,-0.07750129494632704,0.5742975148097498
LSTM|100|3.0|30|120|150|16-64:16|1024,rssi_odom_dataset_11apr25_isolado.parquet→rssi_odom_dataset_12apr25_isolado,3.0,0.48513074220650787,Resultados_Testes_2DS1112_DoE_full_288.xlsx,LSTM,100,3.0,30,120,150,16-64:16,1024,-0.11894875706081616,0.6040794992673241
GRU|40|5.0|125|60|20|16-64:16|1024,rssi_odom_dataset_11apr25_isolado.parquet→rssi_odom_dataset_12apr25_isolado,5.0,0.954662995858708,Resultados_Testes_2DS1112_DoE_full_288.xlsx,GRU,40,5.0,125,60,20,16-64:16,1024,-0.7369469955345309,1.6916099913932388
LSTM|40|3.0|75|120|20|64-256:64|2048,rssi_odom_dataset_11apr25_isolado.parquet→rssi_odom_dataset_12apr25_isolado,3.0,0.4539665550555364,Resultados_Testes_2DS1112_DoE_full_288.xlsx,LSTM,40,3.0,75,120,20,64-256:64,2048,0.033335322918061606,0.4206312321374748
GRU|100|5.0|50|60|20|32-96:32|512,rssi_odom_dataset_11apr25_isolado.parquet→rssi_odom_dataset_12apr25_isolado,5.0,0.9410410267793244,Resultados_Testes_2DS1112_DoE_full_288.xlsx,GRU,100,5.0,50,60,20,32-96:32,512,0.26716008551106973,0.6738809412682547
LSTM|40|5.0|125|120|20|32-96:32|512,rssi_odom_dataset_11apr25_isolado.parquet→rssi_odom_dataset_12apr25_isolado,5.0,0.9268006554176021,Resultados_Testes_2DS1112_DoE_full_288.xlsx,LSTM,40,5.0,125,120,20,32-96:32,512,0.2197024632429626,0.7070981921746395
GRU|40|3.0|75|120|150|16-64:16|2048,rssi_odom_dataset_11apr25_isolado.parquet→rssi_odom_dataset_12apr25_isolado,3.0,0.4263097192086692,Resultados_Testes_2DS1112_DoE_full_288.xlsx,GRU,40,3.0,75,120,150,16-64:16,2048,-0.21863365899685702,0.6449433782055263
LSTM|40|3.0|75|60|150|32-96:32|2048,rssi_odom_dataset_11apr25_isolado.parquet→rssi_odom_dataset_12apr25_isolado,3.0,0.41974052358543784,Resultados_Testes_2DS1112_DoE_full_288.xlsx,LSTM,40,3.0,75,60,150,32-96:32,2048,-0.20003882527880615,0.619779348864244
LSTM|100|3.0|30|60|150|64-256:64|1024,rssi_odom_dataset_11apr25_isolado.parquet→rssi_odom_dataset_12apr25_isolado,3.0,0.4131018203969205,Resultados_Testes_2DS1112_DoE_full_288.xlsx,LSTM,100,3.0,30,60,150,64-256:64,1024,-0.027260965925453528,0.440362786322374
GRU|100|3.0|30|120|150|16-64:16|512,rssi_odom_dataset_11apr25_isolado.parquet→rssi_odom_dataset_12apr25_isolado,3.0,0.3846347151745364,Resultados_Testes_2DS1112_DoE_full_288.xlsx,GRU,100,3.0,30,120,150,16-64:16,512,-0.16537160741374832,0.5500063225882847
GRU|100|5.0|50|60|20|32-96:32|1024,rssi_odom_dataset_11apr25_isolado.parquet→rssi_odom_dataset_12apr25_isolado,5.0,0.8763598318464468,Resultados_Testes_2DS1112_DoE_full_288.xlsx,GRU,100,5.0,50,60,20,32-96:32,1024,-0.6704096369497391,1.546769468796186
GRU|40|5.0|125|60|20|32-96:32|2048,rssi_odom_dataset_11apr25_isolado.parquet→rssi_odom_dataset_12apr25_isolado,5.0,0.8623657205000986,Resultados_Testes_2DS1112_DoE_full_288.xlsx,GRU,40,5.0,125,60,20,32-96:32,2048,0.2423743496065012,0.6199913708935975
LSTM|100|5.0|50|60|20|64-256:64|512,rssi_odom_dataset_11apr25_isolado.parquet→rssi_odom_dataset_12apr25_isolado,5.0,0.8566306901496578,Resultados_Testes_2DS1112_DoE_full_288.xlsx,LSTM,100,5.0,50,60,20,64-256:64,512,0.5504841181670245,0.3061465719826333
LSTM|40|5.0|125|60|20|64-256:64|2048,rssi_odom_dataset_11apr25_isolado.parquet→rssi_odom_dataset_12apr25_isolado,5.0,0.851995430322458,Resultados_Testes_2DS1112_DoE_full_288.xlsx,LSTM,40,5.0,125,60,20,64-256:64,2048,0.4668747108388376,0.38512071948362037
LSTM|100|3.0|30|120|150|32-96:32|2048,rssi_odom_dataset_11apr25_isolado.parquet→rssi_odom_dataset_12apr25_isolado,3.0,0.33122457067284544,Resultados_Testes_2DS1112_DoE_full_288.xlsx,LSTM,100,3.0,30,120,150,32-96:32,2048,-0.0016465246596477595,0.3328710953324932
LSTM|40|3.0|75|60|20|16-64:16|512,rssi_odom_dataset_11apr25_isolado.parquet→rssi_odom_dataset_12apr25_isolado,3.0,0.29322821810467264,Resultados_Testes_2DS1112_DoE_full_288.xlsx,LSTM,40,3.0,75,60,20,16-64:16,512,-0.10727056087380712,0.40049877897847974
LSTM|40|3.0|75|60|20|16-64:16|1024,rssi_odom_dataset_11apr25_isolado.parquet→rssi_odom_dataset_12apr25_isolado,3.0,0.293216782308103,Resultados_Testes_2DS1112_DoE_full_288.xlsx,LSTM,40,3.0,75,60,20,16-64:16,1024,-0.03165355960734479,0.3248703419154478
LSTM|100|3.0|30|120|20|16-64:16|1024,rssi_odom_dataset_11apr25_isolado.parquet→rssi_odom_dataset_12apr25_isolado,3.0,0.27861134244492597,Resultados_Testes_2DS1112_DoE_full_288.xlsx,LSTM,100,3.0,30,120,20,16-64:16,1024,0.050057784522603115,0.22855355792232285
GRU|100|3.0|30|60|150|64-256:64|1024,rssi_odom_dataset_11apr25_isolado.parquet→rssi_odom_dataset_12apr25_isolado,3.0,0.2746852912438048,Resultados_Testes_2DS1112_DoE_full_288.xlsx,GRU,100,3.0,30,60,150,64-256:64,1024,0.026798199885098586,0.24788709135870624
GRU|100|5.0|50|60|20|64-256:64|2048,rssi_odom_dataset_11apr25_isolado.parquet→rssi_odom_dataset_12apr25_isolado,5.0,0.7653968925001287,Resultados_Testes_2DS1112_DoE_full_288.xlsx,GRU,100,5.0,50,60,20,64-256:64,2048,-0.4239746820461016,1.1893715745462303
GRU|40|3.0|75|120|150|32-96:32|2048,rssi_odom_dataset_11apr25_isolado.parquet→rssi_odom_dataset_12apr25_isolado,3.0,0.266997944352736,Resultados_Testes_2DS1112_DoE_full_288.xlsx,GRU,40,3.0,75,120,150,32-96:32,2048,-0.013633916154720559,0.28063186050745653
GRU|40|5.0|125|120|20|16-64:16|512,rssi_odom_dataset_11apr25_isolado.parquet→rssi_odom_dataset_12apr25_isolado,5.0,0.7436937807166953,Resultados_Testes_2DS1112_DoE_full_288.xlsx,GRU,40,5.0,125,120,20,16-64:16,512,0.5354183153587275,0.20827546535796782
GRU|40|5.0|125|60|20|64-256:64|2048,rssi_odom_dataset_11apr25_isolado.parquet→rssi_odom_dataset_12apr25_isolado,5.0,0.7409641404879193,Resultados_Testes_2DS1112_DoE_full_288.xlsx,GRU,40,5.0,125,60,20,64-256:64,2048,0.47270864282120423,0.268255497666715
GRU|100|5.0|50|120|150|32-96:32|1024,rssi_odom_dataset_11apr25_isolado.parquet→rssi_odom_dataset_12apr25_isolado,5.0,0.7347089231713166,Resultados_Testes_2DS1112_DoE_full_288.xlsx,GRU,100,5.0,50,120,150,32-96:32,1024,0.43838455425196543,0.2963243689193512
LSTM|100|3.0|30|120|150|32-96:32|1024,rssi_odom_dataset_11apr25_isolado.parquet→rssi_odom_dataset_12apr25_isolado,3.0,0.22563609938581486,Resultados_Testes_2DS1112_DoE_full_288.xlsx,LSTM,100,3.0,30,120,150,32-96:32,1024,-0.419710866026417,0.6453469654122319
LSTM|40|3.0|75|120|20|32-96:32|512,rssi_odom_dataset_11apr25_isolado.parquet→rssi_odom_dataset_12apr25_isolado,3.0,0.22502188221845576,Resultados_Testes_2DS1112_DoE_full_288.xlsx,LSTM,40,3.0,75,120,20,32-96:32,512,-0.1713625049429255,0.39638438716138125
GRU|100|3.0|30|120|150|64-256:64|512,rssi_odom_dataset_11apr25_isolado.parquet→rssi_odom_dataset_12apr25_isolado,3.0,0.20658076446252532,Resultados_Testes_2DS1112_DoE_full_288.xlsx,GRU,100,3.0,30,120,150,64-256:64,512,-0.2687753714009996,0.47535613586352493
GRU|40|5.0|125|120|20|16-64:16|2048,rssi_odom_dataset_11apr25_isolado.parquet→rssi_odom_dataset_12apr25_isolado,5.0,0.6902533203011413,Resultados_Testes_2DS1112_DoE_full_288.xlsx,GRU,40,5.0,125,120,20,16-64:16,2048,-0.44426656211727056,1.1345198824184117
GRU|40|3.0|75|60|150|16-64:16|2048,rssi_odom_dataset_11apr25_isolado.parquet→rssi_odom_dataset_12apr25_isolado,3.0,0.19144785006671003,Resultados_Testes_2DS1112_DoE_full_288.xlsx,GRU,40,3.0,75,60,150,16-64:16,2048,-0.01758784565344305,0.20903569572015307
LSTM|100|3.0|30|60|150|16-64:16|2048,rssi_odom_dataset_11apr25_isolado.parquet→rssi_odom_dataset_12apr25_isolado,3.0,0.18265282688402026,Resultados_Testes_2DS1112_DoE_full_288.xlsx,LSTM,100,3.0,30,60,150,16-64:16,2048,-0.12863323103778573,0.31128605792180597
GRU|40|3.0|75|60|150|32-96:32|512,rssi_odom_dataset_11apr25_isolado.parquet→rssi_odom_dataset_12apr25_isolado,3.0,0.17800891831579166,Resultados_Testes_2DS1112_DoE_full_288.xlsx,GRU,40,3.0,75,60,150,32-96:32,512,-0.12335959422328513,0.3013685125390768
GRU|40|5.0|125|60|20|64-256:64|512,rssi_odom_dataset_11apr25_isolado.parquet→rssi_odom_dataset_12apr25_isolado,5.0,0.6639600899313904,Resultados_Testes_2DS1112_DoE_full_288.xlsx,GRU,40,5.0,125,60,20,64-256:64,512,0.30918773479727135,0.3547723551341191
GRU|40|3.0|75|60|150|32-96:32|2048,rssi_odom_dataset_11apr25_isolado.parquet→rssi_odom_dataset_12apr25_isolado,3.0,0.1552315812863293,Resultados_Testes_2DS1112_DoE_full_288.xlsx,GRU,40,3.0,75,60,150,32-96:32,2048,-0.14411390073693184,0.29934548202326117
LSTM|40|3.0|75|60|20|32-96:32|512,rssi_odom_dataset_11apr25_isolado.parquet→rssi_odom_dataset_12apr25_isolado,3.0,0.1451216627769595,Resultados_Testes_2DS1112_DoE_full_288.xlsx,LSTM,40,3.0,75,60,20,32-96:32,512,0.006873792780361566,0.13824786999659794
GRU|100|5.0|50|60|150|16-64:16|1024,rssi_odom_dataset_11apr25_isolado.parquet→rssi_odom_dataset_12apr25_isolado,5.0,0.6367367954102063,Resultados_Testes_2DS1112_DoE_full_288.xlsx,GRU,100,5.0,50,60,150,16-64:16,1024,0.53213898180124,0.10459781360896636
LSTM|40|5.0|125|60|20|32-96:32|1024,rssi_odom_dataset_11apr25_isolado.parquet→rssi_odom_dataset_12apr25_isolado,5.0,0.6218148300846369,Resultados_Testes_2DS1112_DoE_full_288.xlsx,LSTM,40,5.0,125,60,20,32-96:32,1024,0.1374501753477819,0.48436465473685497
LSTM|40|5.0|125|60|20|64-256:64|1024,rssi_odom_dataset_11apr25_isolado.parquet→rssi_odom_dataset_12apr25_isolado,5.0,0.6199936131932995,Resultados_Testes_2DS1112_DoE_full_288.xlsx,LSTM,40,5.0,125,60,20,64-256:64,1024,0.32193721332357345,0.29805639986972604
GRU|100|3.0|30|60|150|32-96:32|1024,rssi_odom_dataset_11apr25_isolado.parquet→rssi_odom_dataset_12apr25_isolado,3.0,0.1190489380500439,Resultados_Testes_2DS1112_DoE_full_288.xlsx,GRU,100,3.0,30,60,150,32-96:32,1024,-0.0694136420150418,0.1884625800650857
LSTM|100|3.0|30|60|150|16-64:16|512,rssi_odom_dataset_11apr25_isolado.parquet→rssi_odom_dataset_12apr25_isolado,3.0,0.11304493391072945,Resultados_Testes_2DS1112_DoE_full_288.xlsx,LSTM,100,3.0,30,60,150,16-64:16,512,-0.13698403885686108,0.2500289727675905
LSTM|100|3.0|30|60|150|32-96:32|2048,rssi_odom_dataset_11apr25_isolado.parquet→rssi_odom_dataset_12apr25_isolado,3.0,0.1126605657490952,Resultados_Testes_2DS1112_DoE_full_288.xlsx,LSTM,100,3.0,30,60,150,32-96:32,2048,0.038504408354289574,0.07415615739480563
GRU|40|3.0|75|60|20|16-64:16|512,rssi_odom_dataset_11apr25_isolado.parquet→rssi_odom_dataset_12apr25_isolado,3.0,0.11010585932104851,Resultados_Testes_2DS1112_DoE_full_288.xlsx,GRU,40,3.0,75,60,20,16-64:16,512,0.04054139102549866,0.06956446829554985
LSTM|40|3.0|75|120|20|32-96:32|2048,rssi_odom_dataset_11apr25_isolado.parquet→rssi_odom_dataset_12apr25_isolado,3.0,0.06804289947344128,Resultados_Testes_2DS1112_DoE_full_288.xlsx,LSTM,40,3.0,75,120,20,32-96:32,2048,0.08361047902540095,-0.01556757955195967
GRU|100|3.0|30|120|150|16-64:16|2048,rssi_odom_dataset_11apr25_isolado.parquet→rssi_odom_dataset_12apr25_isolado,3.0,0.05759091140939617,Resultados_Testes_2DS1112_DoE_full_288.xlsx,GRU,100,3.0,30,120,150,16-64:16,2048,-0.19170696016139596,0.24929787157079214
GRU|40|3.0|75|120|20|16-64:16|512,rssi_odom_dataset_11apr25_isolado.parquet→rssi_odom_dataset_12apr25_isolado,3.0,0.04044862583807,Resultados_Testes_2DS1112_DoE_full_288.xlsx,GRU,40,3.0,75,120,20,16-64:16,512,0.024014659966070648,0.01643396587199935
GRU|40|5.0|125|60|20|16-64:16|512,rssi_odom_dataset_11apr25_isolado.parquet→rssi_odom_dataset_12apr25_isolado,5.0,0.511370086379521,Resultados_Testes_2DS1112_DoE_full_288.xlsx,GRU,40,5.0,125,60,20,16-64:16,512,-0.0977281048674409,0.6090981912469619
GRU|40|3.0|75|60|20|16-64:16|2048,rssi_odom_dataset_11apr25_isolado.parquet→rssi_odom_dataset_12apr25_isolado,3.0,0.017579902653515344,Resultados_Testes_2DS1112_DoE_full_288.xlsx,GRU,40,3.0,75,60,20,16-64:16,2048,-0.4728925907468275,0.4904724934003428
LSTM|40|3.0|75|60|20|64-256:64|512,rssi_odom_dataset_11apr25_isolado.parquet→rssi_odom_dataset_12apr25_isolado,3.0,0.009051637851818803,Resultados_Testes_2DS1112_DoE_full_288.xlsx,LSTM,40,3.0,75,60,20,64-256:64,512,-0.024019171560022687,0.03307080941184149
GRU|40|5.0|125|120|20|16-64:16|1024,rssi_odom_dataset_11apr25_isolado.parquet→rssi_odom_dataset_12apr25_isolado,5.0,0.4774197407068737,Resultados_Testes_2DS1112_DoE_full_288.xlsx,GRU,40,5.0,125,120,20,16-64:16,1024,0.24048461655233988,0.23693512415453383
GRU|40|5.0|125|120|20|32-96:32|1024,rssi_odom_dataset_11apr25_isolado.parquet→rssi_odom_dataset_12apr25_isolado,5.0,0.47117579511715907,Resultados_Testes_2DS1112_DoE_full_288.xlsx,GRU,40,5.0,125,120,20,32-96:32,1024,0.5529358743637194,-0.08176007924656031
GRU|40|5.0|125|120|150|16-64:16|2048,rssi_odom_dataset_11apr25_isolado.parquet→rssi_odom_dataset_12apr25_isolado,5.0,0.45258110442040567,Resultados_Testes_2DS1112_DoE_full_288.xlsx,GRU,40,5.0,125,120,150,16-64:16,2048,0.10654125337537142,0.34603985104503426
LSTM|40|3.0|75|60|150|64-256:64|512,rssi_odom_dataset_11apr25_isolado.parquet→rssi_odom_dataset_12apr25_isolado,3.0,-0.03924093916036312,Resultados_Testes_2DS1112_DoE_full_288.xlsx,LSTM,40,3.0,75,60,150,64-256:64,512,-0.30072720794521846,0.2614862687848553
LSTM|40|5.0|125|60|20|64-256:64|512,rssi_odom_dataset_11apr25_isolado.parquet→rssi_odom_dataset_12apr25_isolado,5.0,0.43018681625862454,Resultados_Testes_2DS1112_DoE_full_288.xlsx,LSTM,40,5.0,125,60,20,64-256:64,512,0.2311586147795473,0.19902820147907724
GRU|40|3.0|75|120|150|16-64:16|1024,rssi_odom_dataset_11apr25_isolado.parquet→rssi_odom_dataset_12apr25_isolado,3.0,-0.07668618511728402,Resultados_Testes_2DS1112_DoE_full_288.xlsx,GRU,40,3.0,75,120,150,16-64:16,1024,-0.1702696783116246,0.09358349319434058
LSTM|100|5.0|50|60|20|32-96:32|512,rssi_odom_dataset_11apr25_isolado.parquet→rssi_odom_dataset_12apr25_isolado,5.0,0.4100621789716896,Resultados_Testes_2DS1112_DoE_full_288.xlsx,LSTM,100,5.0,50,60,20,32-96:32,512,0.5059171020278918,-0.09585492305620213
LSTM|100|3.0|30|60|20|16-64:16|512,rssi_odom_dataset_11apr25_isolado.parquet→rssi_odom_dataset_12apr25_isolado,3.0,-0.08345273552558935,Resultados_Testes_2DS1112_DoE_full_288.xlsx,LSTM,100,3.0,30,60,20,16-64:16,512,-0.5031052300778165,0.41965249455222714
LSTM|100|5.0|50|120|150|16-64:16|1024,rssi_odom_dataset_11apr25_isolado.parquet→rssi_odom_dataset_12apr25_isolado,5.0,0.39837592521010706,Resultados_Testes_2DS1112_DoE_full_288.xlsx,LSTM,100,5.0,50,120,150,16-64:16,1024,0.1686013247931837,0.22977460041692335
GRU|40|3.0|75|60|150|16-64:16|512,rssi_odom_dataset_11apr25_isolado.parquet→rssi_odom_dataset_12apr25_isolado,3.0,-0.10205927748163815,Resultados_Testes_2DS1112_DoE_full_288.xlsx,GRU,40,3.0,75,60,150,16-64:16,512,-0.21542169603568365,0.1133624185540455
LSTM|40|3.0|75|60|150|16-64:16|1024,rssi_odom_dataset_11apr25_isolado.parquet→rssi_odom_dataset_12apr25_isolado,3.0,-0.11287744318691756,Resultados_Testes_2DS1112_DoE_full_288.xlsx,LSTM,40,3.0,75,60,150,16-64:16,1024,-0.3236637597273582,0.21078631654044067
GRU|40|3.0|75|120|150|16-64:16|512,rssi_odom_dataset_11apr25_isolado.parquet→rssi_odom_dataset_12apr25_isolado,3.0,-0.1235624094428074,Resultados_Testes_2DS1112_DoE_full_288.xlsx,GRU,40,3.0,75,120,150,16-64:16,512,-0.3394549006646441,0.21589249122183674
LSTM|100|3.0|30|60|20|16-64:16|1024,rssi_odom_dataset_11apr25_isolado.parquet→rssi_odom_dataset_12apr25_isolado,3.0,-0.127111751797977,Resultados_Testes_2DS1112_DoE_full_288.xlsx,LSTM,100,3.0,30,60,20,16-64:16,1024,-0.8332049606626253,0.7060932088646483
GRU|40|3.0|75|120|150|32-96:32|512,rssi_odom_dataset_11apr25_isolado.parquet→rssi_odom_dataset_12apr25_isolado,3.0,-0.13087180610869495,Resultados_Testes_2DS1112_DoE_full_288.xlsx,GRU,40,3.0,75,120,150,32-96:32,512,-0.09127518614795559,-0.03959661996073936
LSTM|100|5.0|50|120|20|16-64:16|1024,rssi_odom_dataset_11apr25_isolado.parquet→rssi_odom_dataset_12apr25_isolado,5.0,0.34579719923227414,Resultados_Testes_2DS1112_DoE_full_288.xlsx,LSTM,100,5.0,50,120,20,16-64:16,1024,-0.22143516734089366,0.5672323665731678
LSTM|100|5.0|50|120|20|16-64:16|512,rssi_odom_dataset_11apr25_isolado.parquet→rssi_odom_dataset_12apr25_isolado,5.0,0.3366613025819929,Resultados_Testes_2DS1112_DoE_full_288.xlsx,LSTM,100,5.0,50,120,20,16-64:16,512,0.19024027920847875,0.14642102337351415
GRU|40|5.0|125|60|20|32-96:32|512,rssi_odom_dataset_11apr25_isolado.parquet→rssi_odom_dataset_12apr25_isolado,5.0,0.3249195144040844,Resultados_Testes_2DS1112_DoE_full_288.xlsx,GRU,40,5.0,125,60,20,32-96:32,512,-0.2757490754003909,0.6006685898044752
LSTM|40|3.0|75|60|20|32-96:32|2048,rssi_odom_dataset_11apr25_isolado.parquet→rssi_odom_dataset_12apr25_isolado,3.0,-0.1800454305556669,Resultados_Testes_2DS1112_DoE_full_288.xlsx,LSTM,40,3.0,75,60,20,32-96:32,2048,0.048257682087771384,-0.22830311264343828
LSTM|40|5.0|125|120|20|64-256:64|2048,rssi_odom_dataset_11apr25_isolado.parquet→rssi_odom_dataset_12apr25_isolado,5.0,0.30613170624743324,Resultados_Testes_2DS1112_DoE_full_288.xlsx,LSTM,40,5.0,125,120,20,64-256:64,2048,0.37209032387912105,-0.06595861763168781
LSTM|40|5.0|125|60|20|16-64:16|1024,rssi_odom_dataset_11apr25_isolado.parquet→rssi_odom_dataset_12apr25_isolado,5.0,0.27606932760314634,Resultados_Testes_2DS1112_DoE_full_288.xlsx,LSTM,40,5.0,125,60,20,16-64:16,1024,0.3611083042249391,-0.08503897662179277
GRU|100|5.0|50|120|20|16-64:16|512,rssi_odom_dataset_11apr25_isolado.parquet→rssi_odom_dataset_12apr25_isolado,5.0,0.2627325761239039,Resultados_Testes_2DS1112_DoE_full_288.xlsx,GRU,100,5.0,50,120,20,16-64:16,512,0.5065472068348229,-0.24381463071091902
GRU|100|3.0|30|120|20|16-64:16|2048,rssi_odom_dataset_11apr25_isolado.parquet→rssi_odom_dataset_12apr25_isolado,3.0,-0.22968417406190583,Resultados_Testes_2DS1112_DoE_full_288.xlsx,GRU,100,3.0,30,120,20,16-64:16,2048,-1.1557438396408852,0.9260596655789795
LSTM|40|5.0|125|120|20|64-256:64|1024,rssi_odom_dataset_11apr25_isolado.parquet→rssi_odom_dataset_12apr25_isolado,5.0,0.2565641811811176,Resultados_Testes_2DS1112_DoE_full_288.xlsx,LSTM,40,5.0,125,120,20,64-256:64,1024,0.3618591756574474,-0.10529499447632978
GRU|40|5.0|125|120|150|64-256:64|2048,rssi_odom_dataset_11apr25_isolado.parquet→rssi_odom_dataset_12apr25_isolado,5.0,0.2541499404499042,Resultados_Testes_2DS1112_DoE_full_288.xlsx,GRU,40,5.0,125,120,150,64-256:64,2048,0.12415288144105799,0.1299970590088462
LSTM|100|5.0|50|60|150|64-256:64|2048,rssi_odom_dataset_11apr25_isolado.parquet→rssi_odom_dataset_12apr25_isolado,5.0,0.24567370215331116,Resultados_Testes_2DS1112_DoE_full_288.xlsx,LSTM,100,5.0,50,60,150,64-256:64,2048,0.31680140720479916,-0.071127705051488
GRU|40|3.0|75|60|20|32-96:32|2048,rssi_odom_dataset_11apr25_isolado.parquet→rssi_odom_dataset_12apr25_isolado,3.0,-0.2444350777076769,Resultados_Testes_2DS1112_DoE_full_288.xlsx,GRU,40,3.0,75,60,20,32-96:32,2048,-0.4155750773470232,0.1711399996393463
GRU|100|5.0|50|60|150|32-96:32|512,rssi_odom_dataset_11apr25_isolado.parquet→rssi_odom_dataset_12apr25_isolado,5.0,0.24106723994989965,Resultados_Testes_2DS1112_DoE_full_288.xlsx,GRU,100,5.0,50,60,150,32-96:32,512,0.20187607468295043,0.03919116526694921
LSTM|40|5.0|125|60|20|16-64:16|2048,rssi_odom_dataset_11apr25_isolado.parquet→rssi_odom_dataset_12apr25_isolado,5.0,0.23729057828248454,Resultados_Testes_2DS1112_DoE_full_288.xlsx,LSTM,40,5.0,125,60,20,16-64:16,2048,0.3500589900836093,-0.11276841180112476
LSTM|100|5.0|50|60|20|32-96:32|2048,rssi_odom_dataset_11apr25_isolado.parquet→rssi_odom_dataset_12apr25_isolado,5.0,0.23362808749397754,Resultados_Testes_2DS1112_DoE_full_288.xlsx,LSTM,100,5.0,50,60,20,32-96:32,2048,-0.075673160884986,0.30930124837896356
LSTM|100|5.0|50|60|150|32-96:32|512,rssi_odom_dataset_11apr25_isolado.parquet→rssi_odom_dataset_12apr25_isolado,5.0,0.23173822930494226,Resultados_Testes_2DS1112_DoE_full_288.xlsx,LSTM,100,5.0,50,60,150,32-96:32,512,0.21360389774837152,0.018134331556570737
GRU|40|3.0|75|120|20|32-96:32|1024,rssi_odom_dataset_11apr25_isolado.parquet→rssi_odom_dataset_12apr25_isolado,3.0,-0.2735424180020264,Resultados_Testes_2DS1112_DoE_full_288.xlsx,GRU,40,3.0,75,120,20,32-96:32,1024,0.08807965169026737,-0.36162206969229377
LSTM|40|5.0|125|120|20|32-96:32|2048,rssi_odom_dataset_11apr25_isolado.parquet→rssi_odom_dataset_12apr25_isolado,5.0,0.20875457635869332,Resultados_Testes_2DS1112_DoE_full_288.xlsx,LSTM,40,5.0,125,120,20,32-96:32,2048,0.4669518959601791,-0.2581973196014858
GRU|40|3.0|75|60|150|64-256:64|512,rssi_odom_dataset_11apr25_isolado.parquet→rssi_odom_dataset_12apr25_isolado,3.0,-0.286998479869181,Resultados_Testes_2DS1112_DoE_full_288.xlsx,GRU,40,3.0,75,60,150,64-256:64,512,-0.15198803562365334,-0.13501044424552763
LSTM|40|3.0|75|60|150|64-256:64|2048,rssi_odom_dataset_11apr25_isolado.parquet→rssi_odom_dataset_12apr25_isolado,3.0,-0.30216147851408226,Resultados_Testes_2DS1112_DoE_full_288.xlsx,LSTM,40,3.0,75,60,150,64-256:64,2048,-0.23112044806293477,-0.07104103045114749
GRU|40|3.0|75|120|20|16-64:16|1024,rssi_odom_dataset_11apr25_isolado.parquet→rssi_odom_dataset_12apr25_isolado,3.0,-0.3062420087174265,Resultados_Testes_2DS1112_DoE_full_288.xlsx,GRU,40,3.0,75,120,20,16-64:16,1024,0.036333757095894634,-0.34257576581332116
LSTM|100|5.0|50|60|150|16-64:16|512,rssi_odom_dataset_11apr25_isolado.parquet→rssi_odom_dataset_12apr25_isolado,5.0,0.17777462284259626,Resultados_Testes_2DS1112_DoE_full_288.xlsx,LSTM,100,5.0,50,60,150,16-64:16,512,-0.008954756747426188,0.18672937959002245
GRU|40|3.0|75|60|150|64-256:64|2048,rssi_odom_dataset_11apr25_isolado.parquet→rssi_odom_dataset_12apr25_isolado,3.0,-0.3143824330641215,Resultados_Testes_2DS1112_DoE_full_288.xlsx,GRU,40,3.0,75,60,150,64-256:64,2048,-0.07591777434236258,-0.23846465872175893
LSTM|40|3.0|75|60|20|64-256:64|1024,rssi_odom_dataset_11apr25_isolado.parquet→rssi_odom_dataset_12apr25_isolado,3.0,-0.3569835510429963,Resultados_Testes_2DS1112_DoE_full_288.xlsx,LSTM,40,3.0,75,60,20,64-256:64,1024,0.00037142169577845013,-0.35735497273877476
GRU|40|3.0|75|120|150|64-256:64|2048,rssi_odom_dataset_11apr25_isolado.parquet→rssi_odom_dataset_12apr25_isolado,3.0,-0.3619206128712384,Resultados_Testes_2DS1112_DoE_full_288.xlsx,GRU,40,3.0,75,120,150,64-256:64,2048,-0.3511414186197859,-0.010779194251452462
LSTM|100|3.0|30|120|150|64-256:64|1024,rssi_odom_dataset_11apr25_isolado.parquet→rssi_odom_dataset_12apr25_isolado,3.0,-0.3763579154757703,Resultados_Testes_2DS1112_DoE_full_288.xlsx,LSTM,100,3.0,30,120,150,64-256:64,1024,-0.2358724974955392,-0.1404854179802311
GRU|40|5.0|125|60|20|32-96:32|1024,rssi_odom_dataset_11apr25_isolado.parquet→rssi_odom_dataset_12apr25_isolado,5.0,0.02185716339243002,Resultados_Testes_2DS1112_DoE_full_288.xlsx,GRU,40,5.0,125,60,20,32-96:32,1024,0.5330223988542949,-0.5111652354618649
GRU|40|3.0|75|120|20|64-256:64|512,rssi_odom_dataset_11apr25_isolado.parquet→rssi_odom_dataset_12apr25_isolado,3.0,-0.4662816242841516,Resultados_Testes_2DS1112_DoE_full_288.xlsx,GRU,40,3.0,75,120,20,64-256:64,512,0.05441487904403477,-0.5206965033281864
GRU|40|5.0|125|120|150|32-96:32|1024,rssi_odom_dataset_11apr25_isolado.parquet→rssi_odom_dataset_12apr25_isolado,5.0,0.021491703788641035,Resultados_Testes_2DS1112_DoE_full_288.xlsx,GRU,40,5.0,125,120,150,32-96:32,1024,-0.8321222754289379,0.853613979217579
GRU|100|5.0|50|120|150|32-96:32|2048,rssi_odom_dataset_11apr25_isolado.parquet→rssi_odom_dataset_12apr25_isolado,5.0,0.020292074323933238,Resultados_Testes_2DS1112_DoE_full_288.xlsx,GRU,100,5.0,50,120,150,32-96:32,2048,0.42994238831940623,-0.40965031399547297
GRU|100|3.0|30|120|150|64-256:64|1024,rssi_odom_dataset_11apr25_isolado.parquet→rssi_odom_dataset_12apr25_isolado,3.0,-0.4716401759235606,Resultados_Testes_2DS1112_DoE_full_288.xlsx,GRU,100,3.0,30,120,150,64-256:64,1024,0.06192447100145709,-0.5335646469250177
GRU|40|5.0|125|120|20|64-256:64|1024,rssi_odom_dataset_11apr25_isolado.parquet→rssi_odom_dataset_12apr25_isolado,5.0,0.0116835603744763,Resultados_Testes_2DS1112_DoE_full_288.xlsx,GRU,40,5.0,125,120,20,64-256:64,1024,0.3058589426186615,-0.29417538224418516
LSTM|40|3.0|75|120|20|64-256:64|512,rssi_odom_dataset_11apr25_isolado.parquet→rssi_odom_dataset_12apr25_isolado,3.0,-0.48936493423831806,Resultados_Testes_2DS1112_DoE_full_288.xlsx,LSTM,40,3.0,75,120,20,64-256:64,512,-0.16600334571220768,-0.3233615885261104
GRU|40|5.0|125|60|150|32-96:32|2048,rssi_odom_dataset_11apr25_isolado.parquet→rssi_odom_dataset_12apr25_isolado,5.0,-0.006199551257003037,Resultados_Testes_2DS1112_DoE_full_288.xlsx,GRU,40,5.0,125,60,150,32-96:32,2048,0.034929202801527,-0.04112875405853003
LSTM|40|3.0|75|60|150|64-256:64|1024,rssi_odom_dataset_11apr25_isolado.parquet→rssi_odom_dataset_12apr25_isolado,3.0,-0.4942961005782586,Resultados_Testes_2DS1112_DoE_full_288.xlsx,LSTM,40,3.0,75,60,150,64-256:64,1024,-0.22672271035697708,-0.26757339022128157
GRU|40|3.0|75|60|20|16-64:16|1024,rssi_odom_dataset_11apr25_isolado.parquet→rssi_odom_dataset_12apr25_isolado,3.0,-0.5566872883857401,Resultados_Testes_2DS1112_DoE_full_288.xlsx,GRU,40,3.0,75,60,20,16-64:16,1024,-0.040508092954510695,-0.5161791954312294
GRU|100|5.0|50|60|150|32-96:32|1024,rssi_odom_dataset_11apr25_isolado.parquet→rssi_odom_dataset_12apr25_isolado,5.0,-0.07364148863353707,Resultados_Testes_2DS1112_DoE_full_288.xlsx,GRU,100,5.0,50,60,150,32-96:32,1024,-0.09269035533750528,0.0190488667039682
GRU|100|5.0|50|60|150|16-64:16|512,rssi_odom_dataset_11apr25_isolado.parquet→rssi_odom_dataset_12apr25_isolado,5.0,-0.10151719759707278,Resultados_Testes_2DS1112_DoE_full_288.xlsx,GRU,100,5.0,50,60,150,16-64:16,512,0.16271420058155606,-0.26423139817862884
LSTM|40|5.0|125|120|20|16-64:16|2048,rssi_odom_dataset_11apr25_isolado.parquet→rssi_odom_dataset_12apr25_isolado,5.0,-0.13309922675127253,Resultados_Testes_2DS1112_DoE_full_288.xlsx,LSTM,40,5.0,125,120,20,16-64:16,2048,-3.22746491963947,3.0943656928881973
LSTM|100|5.0|50|120|150|64-256:64|512,rssi_odom_dataset_11apr25_isolado.parquet→rssi_odom_dataset_12apr25_isolado,5.0,-0.1425217137021607,Resultados_Testes_2DS1112_DoE_full_288.xlsx,LSTM,100,5.0,50,120,150,64-256:64,512,0.2380628990502577,-0.3805846127524184
GRU|40|3.0|75|60|20|64-256:64|512,rssi_odom_dataset_11apr25_isolado.parquet→rssi_odom_dataset_12apr25_isolado,3.0,-0.6325134981290017,Resultados_Testes_2DS1112_DoE_full_288.xlsx,GRU,40,3.0,75,60,20,64-256:64,512,0.08747598453715978,-0.7199894826661615
LSTM|100|3.0|30|60|150|32-96:32|1024,rssi_odom_dataset_11apr25_isolado.parquet→rssi_odom_dataset_12apr25_isolado,3.0,-0.6339339784745521,Resultados_Testes_2DS1112_DoE_full_288.xlsx,LSTM,100,3.0,30,60,150,32-96:32,1024,0.056319815283628616,-0.6902537937581807
GRU|100|3.0|30|120|150|16-64:16|1024,rssi_odom_dataset_11apr25_isolado.parquet→rssi_odom_dataset_12apr25_isolado,3.0,-0.6396219234099688,Resultados_Testes_2DS1112_DoE_full_288.xlsx,GRU,100,3.0,30,120,150,16-64:16,1024,0.06461857108527555,-0.7042404944952444
GRU|100|3.0|30|60|150|16-64:16|512,rssi_odom_dataset_11apr25_isolado.parquet→rssi_odom_dataset_12apr25_isolado,3.0,-0.6451393535816319,Resultados_Testes_2DS1112_DoE_full_288.xlsx,GRU,100,3.0,30,60,150,16-64:16,512,-0.029211967014370312,-0.6159273865672615
LSTM|100|5.0|50|60|150|64-256:64|1024,rssi_odom_dataset_11apr25_isolado.parquet→rssi_odom_dataset_12apr25_isolado,5.0,-0.16644789185473086,Resultados_Testes_2DS1112_DoE_full_288.xlsx,LSTM,100,5.0,50,60,150,64-256:64,1024,-0.11204610257751697,-0.05440178927721388
LSTM|100|5.0|50|120|150|32-96:32|1024,rssi_odom_dataset_11apr25_isolado.parquet→rssi_odom_dataset_12apr25_isolado,5.0,-0.17453411581854233,Resultados_Testes_2DS1112_DoE_full_288.xlsx,LSTM,100,5.0,50,120,150,32-96:32,1024,0.32735052332615416,-0.5018846391446965
GRU|100|5.0|50|120|150|16-64:16|512,rssi_odom_dataset_11apr25_isolado.parquet→rssi_odom_dataset_12apr25_isolado,5.0,-0.19783449394514455,Resultados_Testes_2DS1112_DoE_full_288.xlsx,GRU,100,5.0,50,120,150,16-64:16,512,0.0699055829491412,-0.26774007689428575
LSTM|100|5.0|50|120|20|32-96:32|2048,rssi_odom_dataset_11apr25_isolado.parquet→rssi_odom_dataset_12apr25_isolado,5.0,-0.20439734640868518,Resultados_Testes_2DS1112_DoE_full_288.xlsx,LSTM,100,5.0,50,120,20,32-96:32,2048,-1.1991500773977093,0.9947527309890241
GRU|40|5.0|125|60|20|64-256:64|1024,rssi_odom_dataset_11apr25_isolado.parquet→rssi_odom_dataset_12apr25_isolado,5.0,-0.20526816519416669,Resultados_Testes_2DS1112_DoE_full_288.xlsx,GRU,40,5.0,125,60,20,64-256:64,1024,0.23685216603966328,-0.44212033123383
LSTM|40|3.0|75|120|20|16-64:16|2048,rssi_odom_dataset_11apr25_isolado.parquet→rssi_odom_dataset_12apr25_isolado,3.0,-0.6959378492923657,Resultados_Testes_2DS1112_DoE_full_288.xlsx,LSTM,40,3.0,75,120,20,16-64:16,2048,-0.07565156835803448,-0.6202862809343312
GRU|40|3.0|75|60|150|64-256:64|1024,rssi_odom_dataset_11apr25_isolado.parquet→rssi_odom_dataset_12apr25_isolado,3.0,-0.7600318272090661,Resultados_Testes_2DS1112_DoE_full_288.xlsx,GRU,40,3.0,75,60,150,64-256:64,1024,-0.4633805291121216,-0.29665129809694457
GRU|100|5.0|50|60|150|32-96:32|2048,rssi_odom_dataset_11apr25_isolado.parquet→rssi_odom_dataset_12apr25_isolado,5.0,-0.2772888934146537,Resultados_Testes_2DS1112_DoE_full_288.xlsx,GRU,100,5.0,50,60,150,32-96:32,2048,0.2550891024399123,-0.532377995854566
GRU|100|5.0|50|120|150|64-256:64|512,rssi_odom_dataset_11apr25_isolado.parquet→rssi_odom_dataset_12apr25_isolado,5.0,-0.27821627235571933,Resultados_Testes_2DS1112_DoE_full_288.xlsx,GRU,100,5.0,50,120,150,64-256:64,512,0.2387950673356773,-0.5170113396913967
LSTM|40|5.0|125|120|20|64-256:64|512,rssi_odom_dataset_11apr25_isolado.parquet→rssi_odom_dataset_12apr25_isolado,5.0,-0.280427892054738,Resultados_Testes_2DS1112_DoE_full_288.xlsx,LSTM,40,5.0,125,120,20,64-256:64,512,-0.7605195082848853,0.48009161623014734
LSTM|40|5.0|125|120|20|16-64:16|512,rssi_odom_dataset_11apr25_isolado.parquet→rssi_odom_dataset_12apr25_isolado,5.0,-0.30233275930509207,Resultados_Testes_2DS1112_DoE_full_288.xlsx,LSTM,40,5.0,125,120,20,16-64:16,512,0.3249546585645462,-0.6272874178696383
LSTM|40|5.0|125|120|20|32-96:32|1024,rssi_odom_dataset_11apr25_isolado.parquet→rssi_odom_dataset_12apr25_isolado,5.0,-0.3080841661922326,Resultados_Testes_2DS1112_DoE_full_288.xlsx,LSTM,40,5.0,125,120,20,32-96:32,1024,0.4220657912585829,-0.7301499574508155
LSTM|100|5.0|50|120|150|64-256:64|1024,rssi_odom_dataset_11apr25_isolado.parquet→rssi_odom_dataset_12apr25_isolado,5.0,-0.32004416937086727,Resultados_Testes_2DS1112_DoE_full_288.xlsx,LSTM,100,5.0,50,120,150,64-256:64,1024,0.11052097821035241,-0.43056514758121966
GRU|40|3.0|75|120|20|64-256:64|1024,rssi_odom_dataset_11apr25_isolado.parquet→rssi_odom_dataset_12apr25_isolado,3.0,-0.8057016531361001,Resultados_Testes_2DS1112_DoE_full_288.xlsx,GRU,40,3.0,75,120,20,64-256:64,1024,0.036970260726469334,-0.8426719138625695
GRU|40|5.0|125|60|150|16-64:16|1024,rssi_odom_dataset_11apr25_isolado.parquet→rssi_odom_dataset_12apr25_isolado,5.0,-0.35640527295780267,Resultados_Testes_2DS1112_DoE_full_288.xlsx,GRU,40,5.0,125,60,150,16-64:16,1024,-0.17497238595363207,-0.1814328870041706
GRU|40|5.0|125|60|150|64-256:64|1024,rssi_odom_dataset_11apr25_isolado.parquet→rssi_odom_dataset_12apr25_isolado,5.0,-0.3574285599829836,Resultados_Testes_2DS1112_DoE_full_288.xlsx,GRU,40,5.0,125,60,150,64-256:64,1024,-0.10524055002512032,-0.2521880099578633
LSTM|40|3.0|75|60|150|16-64:16|2048,rssi_odom_dataset_11apr25_isolado.parquet→rssi_odom_dataset_12apr25_isolado,3.0,-0.8423590111621974,Resultados_Testes_2DS1112_DoE_full_288.xlsx,LSTM,40,3.0,75,60,150,16-64:16,2048,-0.0842341752879694,-0.758124835874228
LSTM|100|5.0|50|120|150|32-96:32|512,rssi_odom_dataset_11apr25_isolado.parquet→rssi_odom_dataset_12apr25_isolado,5.0,-0.37305132080583714,Resultados_Testes_2DS1112_DoE_full_288.xlsx,LSTM,100,5.0,50,120,150,32-96:32,512,0.063389631588092,-0.4364409523939291
LSTM|40|5.0|125|120|20|16-64:16|1024,rssi_odom_dataset_11apr25_isolado.parquet→rssi_odom_dataset_12apr25_isolado,5.0,-0.39779819516274356,Resultados_Testes_2DS1112_DoE_full_288.xlsx,LSTM,40,5.0,125,120,20,16-64:16,1024,0.442356784619897,-0.8401549797826406
LSTM|40|3.0|75|120|150|16-64:16|2048,rssi_odom_dataset_11apr25_isolado.parquet→rssi_odom_dataset_12apr25_isolado,3.0,-0.895766908858362,Resultados_Testes_2DS1112_DoE_full_288.xlsx,LSTM,40,3.0,75,120,150,16-64:16,2048,-0.21016525091596552,-0.6856016579423965
LSTM|40|3.0|75|120|150|32-96:32|512,rssi_odom_dataset_11apr25_isolado.parquet→rssi_odom_dataset_12apr25_isolado,3.0,-0.9543677130651667,Resultados_Testes_2DS1112_DoE_full_288.xlsx,LSTM,40,3.0,75,120,150,32-96:32,512,-0.32598410381196224,-0.6283836092532045
LSTM|40|5.0|125|60|150|32-96:32|2048,rssi_odom_dataset_11apr25_isolado.parquet→rssi_odom_dataset_12apr25_isolado,5.0,-0.4725608229270717,Resultados_Testes_2DS1112_DoE_full_288.xlsx,LSTM,40,5.0,125,60,150,32-96:32,2048,0.05489422617477824,-0.5274550491018499
LSTM|40|5.0|125|60|20|32-96:32|512,rssi_odom_dataset_11apr25_isolado.parquet→rssi_odom_dataset_12apr25_isolado,5.0,-0.4959256541767998,Resultados_Testes_2DS1112_DoE_full_288.xlsx,LSTM,40,5.0,125,60,20,32-96:32,512,0.45455538906843496,-0.9504810432452347
LSTM|100|5.0|50|60|150|64-256:64|512,rssi_odom_dataset_11apr25_isolado.parquet→rssi_odom_dataset_12apr25_isolado,5.0,-0.5265196764678203,Resultados_Testes_2DS1112_DoE_full_288.xlsx,LSTM,100,5.0,50,60,150,64-256:64,512,0.4708855214036635,-0.9974051978714837
LSTM|100|3.0|30|60|150|64-256:64|512,rssi_odom_dataset_11apr25_isolado.parquet→rssi_odom_dataset_12apr25_isolado,3.0,-1.0491786112558084,Resultados_Testes_2DS1112_DoE_full_288.xlsx,LSTM,100,3.0,30,60,150,64-256:64,512,0.04709903596059097,-1.0962776472163993
LSTM|100|3.0|30|120|150|16-64:16|512,rssi_odom_dataset_11apr25_isolado.parquet→rssi_odom_dataset_12apr25_isolado,3.0,-1.0577785817369696,Resultados_Testes_2DS1112_DoE_full_288.xlsx,LSTM,100,3.0,30,120,150,16-64:16,512,-0.2110918745333834,-0.8466867072035862
GRU|40|3.0|75|120|150|64-256:64|512,rssi_odom_dataset_11apr25_isolado.parquet→rssi_odom_dataset_12apr25_isolado,3.0,-1.0590118238419806,Resultados_Testes_2DS1112_DoE_full_288.xlsx,GRU,40,3.0,75,120,150,64-256:64,512,-0.3021483318002839,-0.7568634920416967
GRU|100|5.0|50|120|150|16-64:16|1024,rssi_odom_dataset_11apr25_isolado.parquet→rssi_odom_dataset_12apr25_isolado,5.0,-0.5812364399286901,Resultados_Testes_2DS1112_DoE_full_288.xlsx,GRU,100,5.0,50,120,150,16-64:16,1024,0.4958048817111607,-1.077041321639851
GRU|40|3.0|75|60|150|16-64:16|1024,rssi_odom_dataset_11apr25_isolado.parquet→rssi_odom_dataset_12apr25_isolado,3.0,-1.1028913046132798,Resultados_Testes_2DS1112_DoE_full_288.xlsx,GRU,40,3.0,75,60,150,16-64:16,1024,-0.25549690837170297,-0.8473943962415769
LSTM|100|5.0|50|60|150|16-64:16|1024,rssi_odom_dataset_11apr25_isolado.parquet→rssi_odom_dataset_12apr25_isolado,5.0,-0.6392397419166939,Resultados_Testes_2DS1112_DoE_full_288.xlsx,LSTM,100,5.0,50,60,150,16-64:16,1024,0.3633334581378122,-1.002573200054506
GRU|40|5.0|125|60|150|16-64:16|512,rssi_odom_dataset_11apr25_isolado.parquet→rssi_odom_dataset_12apr25_isolado,5.0,-0.6655996769625852,Resultados_Testes_2DS1112_DoE_full_288.xlsx,GRU,40,5.0,125,60,150,16-64:16,512,0.24894826899560038,-0.9145479459581856
LSTM|40|3.0|75|120|150|16-64:16|512,rssi_odom_dataset_11apr25_isolado.parquet→rssi_odom_dataset_12apr25_isolado,3.0,-1.15363885233286,Resultados_Testes_2DS1112_DoE_full_288.xlsx,LSTM,40,3.0,75,120,150,16-64:16,512,-0.3322190521621384,-0.8214198001707216
LSTM|100|5.0|50|60|150|32-96:32|1024,rssi_odom_dataset_11apr25_isolado.parquet→rssi_odom_dataset_12apr25_isolado,5.0,-0.6791615907225044,Resultados_Testes_2DS1112_DoE_full_288.xlsx,LSTM,100,5.0,50,60,150,32-96:32,1024,0.3329851283395989,-1.0121467190621032
LSTM|40|3.0|75|60|150|32-96:32|1024,rssi_odom_dataset_11apr25_isolado.parquet→rssi_odom_dataset_12apr25_isolado,3.0,-1.1699259647678784,Resultados_Testes_2DS1112_DoE_full_288.xlsx,LSTM,40,3.0,75,60,150,32-96:32,1024,-0.3104349796980172,-0.8594909850698611
LSTM|40|3.0|75|120|150|32-96:32|1024,rssi_odom_dataset_11apr25_isolado.parquet→rssi_odom_dataset_12apr25_isolado,3.0,-1.185239768019194,Resultados_Testes_2DS1112_DoE_full_288.xlsx,LSTM,40,3.0,75,120,150,32-96:32,1024,-0.5395265803097592,-0.6457131877094348
LSTM|40|5.0|125|60|150|32-96:32|512,rssi_odom_dataset_11apr25_isolado.parquet→rssi_odom_dataset_12apr25_isolado,5.0,-0.7338898385335728,Resultados_Testes_2DS1112_DoE_full_288.xlsx,LSTM,40,5.0,125,60,150,32-96:32,512,-0.3672114648083406,-0.3666783737252322
LSTM|40|3.0|75|120|150|32-96:32|2048,rssi_odom_dataset_11apr25_isolado.parquet→rssi_odom_dataset_12apr25_isolado,3.0,-1.223345577235353,Resultados_Testes_2DS1112_DoE_full_288.xlsx,LSTM,40,3.0,75,120,150,32-96:32,2048,-0.13209181730723224,-1.0912537599281207
GRU|40|5.0|125|120|20|64-256:64|2048,rssi_odom_dataset_11apr25_isolado.parquet→rssi_odom_dataset_12apr25_isolado,5.0,-0.7645632855557095,Resultados_Testes_2DS1112_DoE_full_288.xlsx,GRU,40,5.0,125,120,20,64-256:64,2048,0.0903748314009528,-0.8549381169566623
LSTM|100|5.0|50|120|20|64-256:64|2048,rssi_odom_dataset_11apr25_isolado.parquet→rssi_odom_dataset_12apr25_isolado,5.0,-0.7962558672245317,Resultados_Testes_2DS1112_DoE_full_288.xlsx,LSTM,100,5.0,50,120,20,64-256:64,2048,0.43391642285668436,-1.230172290081216
GRU|100|5.0|50|60|150|64-256:64|1024,rssi_odom_dataset_11apr25_isolado.parquet→rssi_odom_dataset_12apr25_isolado,5.0,-0.84037234668028,Resultados_Testes_2DS1112_DoE_full_288.xlsx,GRU,100,5.0,50,60,150,64-256:64,1024,0.02930916095409459,-0.8696815076343747
LSTM|40|3.0|75|120|150|64-256:64|512,rssi_odom_dataset_11apr25_isolado.parquet→rssi_odom_dataset_12apr25_isolado,3.0,-1.3245712444402264,Resultados_Testes_2DS1112_DoE_full_288.xlsx,LSTM,40,3.0,75,120,150,64-256:64,512,-0.20910292620145776,-1.1154683182387686
LSTM|40|5.0|125|120|150|32-96:32|2048,rssi_odom_dataset_11apr25_isolado.parquet→rssi_odom_dataset_12apr25_isolado,5.0,-0.8924458116296651,Resultados_Testes_2DS1112_DoE_full_288.xlsx,LSTM,40,5.0,125,120,150,32-96:32,2048,0.24924632339336258,-1.1416921350230276
GRU|100|5.0|50|120|20|16-64:16|2048,rssi_odom_dataset_11apr25_isolado.parquet→rssi_odom_dataset_12apr25_isolado,5.0,-0.9218828969962826,Resultados_Testes_2DS1112_DoE_full_288.xlsx,GRU,100,5.0,50,120,20,16-64:16,2048,-1.6911179287732583,0.7692350317769757
LSTM|40|5.0|125|120|150|32-96:32|1024,rssi_odom_dataset_11apr25_isolado.parquet→rssi_odom_dataset_12apr25_isolado,5.0,-0.9320739643950411,Resultados_Testes_2DS1112_DoE_full_288.xlsx,LSTM,40,5.0,125,120,150,32-96:32,1024,0.15069221518470624,-1.0827661795797474
LSTM|100|5.0|50|120|150|32-96:32|2048,rssi_odom_dataset_11apr25_isolado.parquet→rssi_odom_dataset_12apr25_isolado,5.0,-0.9350083428728115,Resultados_Testes_2DS1112_DoE_full_288.xlsx,LSTM,100,5.0,50,120,150,32-96:32,2048,0.05627803738608317,-0.9912863802588947
LSTM|40|3.0|75|120|150|64-256:64|2048,rssi_odom_dataset_11apr25_isolado.parquet→rssi_odom_dataset_12apr25_isolado,3.0,-1.462633446825738,Resultados_Testes_2DS1112_DoE_full_288.xlsx,LSTM,40,3.0,75,120,150,64-256:64,2048,-0.15149171268111422,-1.3111417341446239
LSTM|100|5.0|50|60|20|16-64:16|2048,rssi_odom_dataset_11apr25_isolado.parquet→rssi_odom_dataset_12apr25_isolado,5.0,-1.0301134007228647,Resultados_Testes_2DS1112_DoE_full_288.xlsx,LSTM,100,5.0,50,60,20,16-64:16,2048,-0.35882079521546256,-0.6712926055074022
LSTM|40|5.0|125|60|150|64-256:64|512,rssi_odom_dataset_11apr25_isolado.parquet→rssi_odom_dataset_12apr25_isolado,5.0,-1.0418891733726554,Resultados_Testes_2DS1112_DoE_full_288.xlsx,LSTM,40,5.0,125,60,150,64-256:64,512,0.08831375775289264,-1.1302029311255481
LSTM|40|5.0|125|60|150|64-256:64|2048,rssi_odom_dataset_11apr25_isolado.parquet→rssi_odom_dataset_12apr25_isolado,5.0,-1.0616462127953499,Resultados_Testes_2DS1112_DoE_full_288.xlsx,LSTM,40,5.0,125,60,150,64-256:64,2048,0.11377532893257733,-1.1754215417279272
GRU|40|3.0|75|120|150|64-256:64|1024,rssi_odom_dataset_11apr25_isolado.parquet→rssi_odom_dataset_12apr25_isolado,3.0,-1.5423965981235503,Resultados_Testes_2DS1112_DoE_full_288.xlsx,GRU,40,3.0,75,120,150,64-256:64,1024,-0.05826903697772486,-1.4841275611458256
LSTM|40|5.0|125|120|150|16-64:16|2048,rssi_odom_dataset_11apr25_isolado.parquet→rssi_odom_dataset_12apr25_isolado,5.0,-1.0783245420429213,Resultados_Testes_2DS1112_DoE_full_288.xlsx,LSTM,40,5.0,125,120,150,16-64:16,2048,-0.06401608385253568,-1.0143084581903856
GRU|40|5.0|125|120|150|32-96:32|2048,rssi_odom_dataset_11apr25_isolado.parquet→rssi_odom_dataset_12apr25_isolado,5.0,-1.087953452417111,Resultados_Testes_2DS1112_DoE_full_288.xlsx,GRU,40,5.0,125,120,150,32-96:32,2048,0.06868399508119036,-1.1566374474983014
LSTM|40|3.0|75|120|20|16-64:16|512,rssi_odom_dataset_11apr25_isolado.parquet→rssi_odom_dataset_12apr25_isolado,3.0,-1.6544161383535776,Resultados_Testes_2DS1112_DoE_full_288.xlsx,LSTM,40,3.0,75,120,20,16-64:16,512,0.004776417830884378,-1.659192556184462
GRU|40|5.0|125|120|150|32-96:32|512,rssi_odom_dataset_11apr25_isolado.parquet→rssi_odom_dataset_12apr25_isolado,5.0,-1.2106554707435617,Resultados_Testes_2DS1112_DoE_full_288.xlsx,GRU,40,5.0,125,120,150,32-96:32,512,0.2855727538225226,-1.4962282245660843
GRU|40|5.0|125|120|150|16-64:16|1024,rssi_odom_dataset_11apr25_isolado.parquet→rssi_odom_dataset_12apr25_isolado,5.0,-1.2226725661407005,Resultados_Testes_2DS1112_DoE_full_288.xlsx,GRU,40,5.0,125,120,150,16-64:16,1024,0.13584132105101498,-1.3585138871917155
GRU|40|5.0|125|120|150|16-64:16|512,rssi_odom_dataset_11apr25_isolado.parquet→rssi_odom_dataset_12apr25_isolado,5.0,-1.2311622044831476,Resultados_Testes_2DS1112_DoE_full_288.xlsx,GRU,40,5.0,125,120,150,16-64:16,512,-0.13453625771175426,-1.0966259467713932
LSTM|40|3.0|75|60|150|16-64:16|512,rssi_odom_dataset_11apr25_isolado.parquet→rssi_odom_dataset_12apr25_isolado,3.0,-1.8176019080243224,Resultados_Testes_2DS1112_DoE_full_288.xlsx,LSTM,40,3.0,75,60,150,16-64:16,512,-0.5296910940711193,-1.2879108139532032
GRU|40|5.0|125|60|150|32-96:32|512,rssi_odom_dataset_11apr25_isolado.parquet→rssi_odom_dataset_12apr25_isolado,5.0,-1.3579271932031267,Resultados_Testes_2DS1112_DoE_full_288.xlsx,GRU,40,5.0,125,60,150,32-96:32,512,0.26880867604809927,-1.626735869251226
LSTM|40|5.0|125|60|150|16-64:16|512,rssi_odom_dataset_11apr25_isolado.parquet→rssi_odom_dataset_12apr25_isolado,5.0,-1.360440353800734,Resultados_Testes_2DS1112_DoE_full_288.xlsx,LSTM,40,5.0,125,60,150,16-64:16,512,-0.2726434734229356,-1.0877968803777982
LSTM|40|3.0|75|60|150|32-96:32|512,rssi_odom_dataset_11apr25_isolado.parquet→rssi_odom_dataset_12apr25_isolado,3.0,-1.8570824407261555,Resultados_Testes_2DS1112_DoE_full_288.xlsx,LSTM,40,3.0,75,60,150,32-96:32,512,-0.20592837299918698,-1.6511540677269685
LSTM|40|5.0|125|120|150|64-256:64|2048,rssi_odom_dataset_11apr25_isolado.parquet→rssi_odom_dataset_12apr25_isolado,5.0,-1.4869243116972803,Resultados_Testes_2DS1112_DoE_full_288.xlsx,LSTM,40,5.0,125,120,150,64-256:64,2048,0.06824412270161324,-1.5551684343988936
LSTM|40|5.0|125|120|150|32-96:32|512,rssi_odom_dataset_11apr25_isolado.parquet→rssi_odom_dataset_12apr25_isolado,5.0,-1.5072995274900463,Resultados_Testes_2DS1112_DoE_full_288.xlsx,LSTM,40,5.0,125,120,150,32-96:32,512,-0.040601351223919634,-1.4666981762661266
GRU|40|5.0|125|60|150|64-256:64|512,rssi_odom_dataset_11apr25_isolado.parquet→rssi_odom_dataset_12apr25_isolado,5.0,-1.598981171566153,Resultados_Testes_2DS1112_DoE_full_288.xlsx,GRU,40,5.0,125,60,150,64-256:64,512,0.12793245550953936,-1.7269136270756924
GRU|40|5.0|125|60|150|64-256:64|2048,rssi_odom_dataset_11apr25_isolado.parquet→rssi_odom_dataset_12apr25_isolado,5.0,-1.6927536126497602,Resultados_Testes_2DS1112_DoE_full_288.xlsx,GRU,40,5.0,125,60,150,64-256:64,2048,0.255489154762916,-1.948242767412676
LSTM|100|5.0|50|120|150|64-256:64|2048,rssi_odom_dataset_11apr25_isolado.parquet→rssi_odom_dataset_12apr25_isolado,5.0,-1.7399157926798992,Resultados_Testes_2DS1112_DoE_full_288.xlsx,LSTM,100,5.0,50,120,150,64-256:64,2048,0.2828804157916555,-2.0227962084715547
LSTM|40|5.0|125|60|150|16-64:16|1024,rssi_odom_dataset_11apr25_isolado.parquet→rssi_odom_dataset_12apr25_isolado,5.0,-1.8168019209018078,Resultados_Testes_2DS1112_DoE_full_288.xlsx,LSTM,40,5.0,125,60,150,16-64:16,1024,0.0680373784929852,-1.884839299394793
GRU|40|5.0|125|120|150|64-256:64|512,rssi_odom_dataset_11apr25_isolado.parquet→rssi_odom_dataset_12apr25_isolado,5.0,-1.8175921848901921,Resultados_Testes_2DS1112_DoE_full_288.xlsx,GRU,40,5.0,125,120,150,64-256:64,512,0.028409801189907682,-1.8460019860800998
GRU|100|5.0|50|60|150|64-256:64|512,rssi_odom_dataset_11apr25_isolado.parquet→rssi_odom_dataset_12apr25_isolado,5.0,-1.841469727142644,Resultados_Testes_2DS1112_DoE_full_288.xlsx,GRU,100,5.0,50,60,150,64-256:64,512,0.23679202609141148,-2.0782617532340555
GRU|100|5.0|50|60|150|64-256:64|2048,rssi_odom_dataset_11apr25_isolado.parquet→rssi_odom_dataset_12apr25_isolado,5.0,-1.8601251567831765,Resultados_Testes_2DS1112_DoE_full_288.xlsx,GRU,100,5.0,50,60,150,64-256:64,2048,0.3762808374083528,-2.236405994191529
LSTM|40|5.0|125|60|150|64-256:64|1024,rssi_odom_dataset_11apr25_isolado.parquet→rssi_odom_dataset_12apr25_isolado,5.0,-1.9232734170450376,Resultados_Testes_2DS1112_DoE_full_288.xlsx,LSTM,40,5.0,125,60,150,64-256:64,1024,-0.919271647243482,-1.0040017698015555
LSTM|40|5.0|125|120|150|64-256:64|1024,rssi_odom_dataset_11apr25_isolado.parquet→rssi_odom_dataset_12apr25_isolado,5.0,-1.982551243376708,Resultados_Testes_2DS1112_DoE_full_288.xlsx,LSTM,40,5.0,125,120,150,64-256:64,1024,0.01860377425239804,-2.001155017629106
GRU|100|5.0|50|120|150|32-96:32|512,rssi_odom_dataset_11apr25_isolado.parquet→rssi_odom_dataset_12apr25_isolado,5.0,-2.026968626365757,Resultados_Testes_2DS1112_DoE_full_288.xlsx,GRU,100,5.0,50,120,150,32-96:32,512,-0.01243082843363759,-2.0145377979321197
LSTM|40|5.0|125|120|150|64-256:64|512,rssi_odom_dataset_11apr25_isolado.parquet→rssi_odom_dataset_12apr25_isolado,5.0,-2.029616617561175,Resultados_Testes_2DS1112_DoE_full_288.xlsx,LSTM,40,5.0,125,120,150,64-256:64,512,0.20144070080032114,-2.231057318361496
GRU|100|5.0|50|120|150|64-256:64|2048,rssi_odom_dataset_11apr25_isolado.parquet→rssi_odom_dataset_12apr25_isolado,5.0,-2.0813365716976024,Resultados_Testes_2DS1112_DoE_full_288.xlsx,GRU,100,5.0,50,120,150,64-256:64,2048,0.35326411689460496,-2.4346006885922074
LSTM|40|5.0|125|60|150|16-64:16|2048,rssi_odom_dataset_11apr25_isolado.parquet→rssi_odom_dataset_12apr25_isolado,5.0,-2.1090152905468775,Resultados_Testes_2DS1112_DoE_full_288.xlsx,LSTM,40,5.0,125,60,150,16-64:16,2048,0.24099130118132248,-2.3500065917282
LSTM|40|5.0|125|120|150|16-64:16|512,rssi_odom_dataset_11apr25_isolado.parquet→rssi_odom_dataset_12apr25_isolado,5.0,-2.122975978989112,Resultados_Testes_2DS1112_DoE_full_288.xlsx,LSTM,40,5.0,125,120,150,16-64:16,512,0.16033024344865615,-2.283306222437768
LSTM|40|5.0|125|60|150|32-96:32|1024,rssi_odom_dataset_11apr25_isolado.parquet→rssi_odom_dataset_12apr25_isolado,5.0,-2.2257794791158836,Resultados_Testes_2DS1112_DoE_full_288.xlsx,LSTM,40,5.0,125,60,150,32-96:32,1024,0.20450348749124586,-2.4302829666071295
LSTM|40|5.0|125|120|150|16-64:16|1024,rssi_odom_dataset_11apr25_isolado.parquet→rssi_odom_dataset_12apr25_isolado,5.0,-2.294903231552984,Resultados_Testes_2DS1112_DoE_full_288.xlsx,LSTM,40,5.0,125,120,150,16-64:16,1024,0.04205130469950924,-2.3369545362524935
GRU|40|3.0|75|120|150|32-96:32|1024,rssi_odom_dataset_11apr25_isolado.parquet→rssi_odom_dataset_12apr25_isolado,3.0,-3.0891015064705507,Resultados_Testes_2DS1112_DoE_full_288.xlsx,GRU,40,3.0,75,120,150,32-96:32,1024,-0.16421011539404362,-2.924891391076507
GRU|100|5.0|50|120|150|64-256:64|1024,rssi_odom_dataset_11apr25_isolado.parquet→rssi_odom_dataset_12apr25_isolado,5.0,-2.6944183594077997,Resultados_Testes_2DS1112_DoE_full_288.xlsx,GRU,100,5.0,50,120,150,64-256:64,1024,0.0008225897614378415,-2.6952409491692375
GRU|100|5.0|50|60|20|16-64:16|2048,rssi_odom_dataset_11apr25_isolado.parquet→rssi_odom_dataset_12apr25_isolado,5.0,-2.754488086456344,Resultados_Testes_2DS1112_DoE_full_288.xlsx,GRU,100,5.0,50,60,20,16-64:16,2048,-1.8401581676535912,-0.9143299188027529
LSTM|100|5.0|50|120|150|16-64:16|512,rssi_odom_dataset_11apr25_isolado.parquet→rssi_odom_dataset_12apr25_isolado,5.0,-2.7976168544338287,Resultados_Testes_2DS1112_DoE_full_288.xlsx,LSTM,100,5.0,50,120,150,16-64:16,512,0.2693641085459141,-3.0669809629797427
LSTM|40|3.0|75|120|150|64-256:64|1024,rssi_odom_dataset_11apr25_isolado.parquet→rssi_odom_dataset_12apr25_isolado,3.0,-3.3537167211369323,Resultados_Testes_2DS1112_DoE_full_288.xlsx,LSTM,40,3.0,75,120,150,64-256:64,1024,-0.2723094077978943,-3.081407313339038
GRU|40|5.0|125|60|150|32-96:32|1024,rssi_odom_dataset_11apr25_isolado.parquet→rssi_odom_dataset_12apr25_isolado,5.0,-3.774424590483369,Resultados_Testes_2DS1112_DoE_full_288.xlsx,GRU,40,5.0,125,60,150,32-96:32,1024,0.22203732232283016,-3.996461912806199
GRU|40|5.0|125|60|150|16-64:16|2048,rssi_odom_dataset_11apr25_isolado.parquet→rssi_odom_dataset_12apr25_isolado,5.0,-4.203957063148322,Resultados_Testes_2DS1112_DoE_full_288.xlsx,GRU,40,5.0,125,60,150,16-64:16,2048,0.2205799639178325,-4.424537027066155
GRU|40|5.0|125|120|150|64-256:64|1024,rssi_odom_dataset_11apr25_isolado.parquet→rssi_odom_dataset_12apr25_isolado,5.0,-4.534587409336227,Resultados_Testes_2DS1112_DoE_full_288.xlsx,GRU,40,5.0,125,120,150,64-256:64,1024,0.0830909838892064,-4.617678393225433
GRU|100|3.0|30|60|20|16-64:16|2048,rssi_odom_dataset_11apr25_isolado.parquet→rssi_odom_dataset_12apr25_isolado,3.0,-10.967299262576818,Resultados_Testes_2DS1112_DoE_full_288.xlsx,GRU,100,3.0,30,60,20,16-64:16,2048,-1.9090033890516576,-9.05829587352516
