_key_,_dataset_id_,_seconds_,Z_1112,__file__,_forecast_steps_derived_,model,group_msec,seconds_ahead,timesteps_orig,Epochs,units_range,batch_size,Z_1211,DeltaZ,Score_robusto,d1112,d1211
GRU|100.0|3.0|120.0|20.0|64-256:64|2048.0,rssi_odom_dataset_11apr25_isolado.parquet→rssi_odom_dataset_12apr25_isolado,3.0,1.0326066353656365,Result_2DS_1112DS_FatFrac_agpd.xlsx,30,GRU,100.0,3.0,120.0,20.0,64-256:64,2048.0,-0.34891908562458085,1.3815257209902172,0.48680847694341517,0.6656118888885224,0.4421076239571384
GRU|100.0|3.0|60.0|20.0|16-64:16|8192.0,rssi_odom_dataset_11apr25_isolado.parquet→rssi_odom_dataset_12apr25_isolado,3.0,0.8400556902883437,Result_2DS_1112DS_FatFrac_agpd.xlsx,30,GRU,100.0,3.0,60.0,20.0,16-64:16,8192.0,0.737661654236022,0.10239403605232167,0.6237117101178061,0.6364611306768039,0.6205243549780567
LSTM|100.0|10.0|120.0|150.0|64-256:64|2048.0,rssi_odom_dataset_11apr25_isolado.parquet→rssi_odom_dataset_12apr25_isolado,10.0,1.1084203013411524,Result_2DS_1112DS_FatFrac_agpd.xlsx,100,LSTM,100.0,10.0,120.0,150.0,64-256:64,2048.0,0.3594516734147252,0.7489686279264272,0.5830519548436026,0.6767655222571071,0.5596235629902265
GRU|100.0|3.0|120.0|150.0|64-256:64|8192.0,rssi_odom_dataset_11apr25_isolado.parquet→rssi_odom_dataset_12apr25_isolado,3.0,0.800700767354863,Result_2DS_1112DS_FatFrac_agpd.xlsx,30,GRU,100.0,3.0,120.0,150.0,64-256:64,8192.0,0.7066840276063767,0.09401673974848623,0.6185933739360698,0.630369083898049,0.6156494464455751
GRU|100.0|10.0|60.0|20.0|64-256:64|8192.0,rssi_odom_dataset_11apr25_isolado.parquet→rssi_odom_dataset_12apr25_isolado,10.0,1.0943033545423144,Result_2DS_1112DS_FatFrac_agpd.xlsx,100,GRU,100.0,10.0,60.0,20.0,64-256:64,8192.0,0.6651714301708622,0.4291319243714522,0.6222048474907179,0.6747033482757986,0.6090802222944478
GRU|100.0|3.0|60.0|150.0|16-64:16|1024.0,rssi_odom_dataset_11apr25_isolado.parquet→rssi_odom_dataset_12apr25_isolado,3.0,0.6170687042299924,Result_2DS_1112DS_FatFrac_agpd.xlsx,30,GRU,100.0,3.0,60.0,150.0,16-64:16,1024.0,0.7843080995816066,-0.16723939535161425,0.6066986401166314,0.6014185236774691,0.6278191058732805
LSTM|100.0|3.0|120.0|20.0|16-64:16|2048.0,rssi_odom_dataset_11apr25_isolado.parquet→rssi_odom_dataset_12apr25_isolado,3.0,0.6031975242061732,Result_2DS_1112DS_FatFrac_agpd.xlsx,30,LSTM,100.0,3.0,120.0,20.0,16-64:16,2048.0,0.6492761347557613,-0.04607861054958806,0.6006706088991979,0.5991997118980156,0.6065541969039271
GRU|40.0|3.0|120.0|20.0|16-64:16|1024.0,rssi_odom_dataset_11apr25_isolado.parquet→rssi_odom_dataset_12apr25_isolado,3.0,0.5649748343208033,Result_2DS_1112DS_FatFrac_agpd.xlsx,75,GRU,40.0,3.0,120.0,20.0,16-64:16,1024.0,0.5060024208905639,0.0589724134302394,0.5854473726079013,0.593064843598734,0.5835430048601931
GRU|100.0|10.0|60.0|20.0|64-256:64|1024.0,rssi_odom_dataset_11apr25_isolado.parquet→rssi_odom_dataset_12apr25_isolado,10.0,0.8815792770776021,Result_2DS_1112DS_FatFrac_agpd.xlsx,100,GRU,100.0,10.0,60.0,20.0,64-256:64,1024.0,0.8000707766479285,0.08150850042967361,0.6327853199446386,0.6428417263405566,0.6302712183456591
LSTM|100.0|3.0|120.0|20.0|16-64:16|1024.0,rssi_odom_dataset_11apr25_isolado.parquet→rssi_odom_dataset_12apr25_isolado,3.0,0.5042214338197891,Result_2DS_1112DS_FatFrac_agpd.xlsx,30,LSTM,100.0,3.0,120.0,20.0,16-64:16,1024.0,0.5277575780493691,-0.023536144229579947,0.5840162078517633,0.583254431945387,0.5870633114772686
GRU|40.0|3.0|60.0|20.0|64-256:64|1024.0,rssi_odom_dataset_11apr25_isolado.parquet→rssi_odom_dataset_12apr25_isolado,3.0,0.45867853519431157,Result_2DS_1112DS_FatFrac_agpd.xlsx,75,GRU,40.0,3.0,60.0,20.0,64-256:64,1024.0,0.5662836794906136,-0.10760514429630208,0.5793400932088028,0.5758562640062184,0.5932754100191405
LSTM|40.0|3.0|120.0|20.0|64-256:64|2048.0,rssi_odom_dataset_11apr25_isolado.parquet→rssi_odom_dataset_12apr25_isolado,3.0,0.45129290614899015,Result_2DS_1112DS_FatFrac_agpd.xlsx,75,LSTM,40.0,3.0,120.0,20.0,64-256:64,2048.0,0.3395042688987891,0.11178863725020105,0.5600056168410091,0.5746532110490339,0.5563437182890029
GRU|100.0|10.0|120.0|20.0|16-64:16|1024.0,rssi_odom_dataset_11apr25_isolado.parquet→rssi_odom_dataset_12apr25_isolado,10.0,0.8325231009251812,Result_2DS_1112DS_FatFrac_agpd.xlsx,100,GRU,100.0,10.0,120.0,20.0,16-64:16,1024.0,-0.8098362182501433,1.6423593191753245,0.42163006951500853,0.6352984175659566,0.36821298250227147
LSTM|100.0|10.0|60.0|20.0|16-64:16|256.0,rssi_odom_dataset_11apr25_isolado.parquet→rssi_odom_dataset_12apr25_isolado,10.0,0.8095837069094532,Result_2DS_1112DS_FatFrac_agpd.xlsx,100,LSTM,100.0,10.0,60.0,20.0,16-64:16,256.0,0.5831106041155466,0.22647310279390664,0.6031331231535539,0.6317478551195518,0.5959794401620545
GRU|100.0|3.0|120.0|20.0|64-256:64|256.0,rssi_odom_dataset_11apr25_isolado.parquet→rssi_odom_dataset_12apr25_isolado,3.0,0.4014097047313385,Result_2DS_1112DS_FatFrac_agpd.xlsx,30,GRU,100.0,3.0,120.0,20.0,64-256:64,256.0,0.8219872023400093,-0.4205774976086708,0.5799380563313788,0.5665052026981249,0.6336694708643947
LSTM|100.0|3.0|60.0|20.0|64-256:64|2048.0,rssi_odom_dataset_11apr25_isolado.parquet→rssi_odom_dataset_12apr25_isolado,3.0,0.3653650571913434,Result_2DS_1112DS_FatFrac_agpd.xlsx,30,LSTM,100.0,3.0,60.0,20.0,64-256:64,2048.0,0.5628474991519541,-0.1974824419606107,0.5670204114170715,0.5605948827866258,0.5927225259388542
LSTM|100.0|3.0|60.0|150.0|64-256:64|8192.0,rssi_odom_dataset_11apr25_isolado.parquet→rssi_odom_dataset_12apr25_isolado,3.0,0.35801026928900936,Result_2DS_1112DS_FatFrac_agpd.xlsx,30,LSTM,100.0,3.0,60.0,150.0,64-256:64,8192.0,-1.0065285794234498,1.364538848712459,0.382492302592475,0.5593867315166153,0.33826869536143994
GRU|40.0|3.0|60.0|150.0|64-256:64|256.0,rssi_odom_dataset_11apr25_isolado.parquet→rssi_odom_dataset_12apr25_isolado,3.0,0.327287811431586,Result_2DS_1112DS_FatFrac_agpd.xlsx,75,GRU,40.0,3.0,60.0,150.0,64-256:64,256.0,-0.17796611964441134,0.5052539310759974,0.4871654967129786,0.5543325853208068,0.4703737245610216
GRU|100.0|3.0|60.0|20.0|16-64:16|256.0,rssi_odom_dataset_11apr25_isolado.parquet→rssi_odom_dataset_12apr25_isolado,3.0,0.3123694133400116,Result_2DS_1112DS_FatFrac_agpd.xlsx,30,GRU,100.0,3.0,60.0,20.0,16-64:16,256.0,0.7853450074062027,-0.4729755940661911,0.5670955129028363,0.5518742371890829,0.62798061575785
LSTM|100.0|3.0|60.0|20.0|64-256:64|1024.0,rssi_odom_dataset_11apr25_isolado.parquet→rssi_odom_dataset_12apr25_isolado,3.0,0.27508410955545276,Result_2DS_1112DS_FatFrac_agpd.xlsx,30,LSTM,100.0,3.0,60.0,20.0,64-256:64,1024.0,1.0064126457160179,-0.731328536160565,0.5689182316961174,0.5457192886724277,0.6617140037908766
LSTM|40.0|3.0|60.0|20.0|16-64:16|256.0,rssi_odom_dataset_11apr25_isolado.parquet→rssi_odom_dataset_12apr25_isolado,3.0,0.26376603168082974,Result_2DS_1112DS_FatFrac_agpd.xlsx,75,LSTM,40.0,3.0,60.0,20.0,16-64:16,256.0,-0.017557798745599887,0.2813238304264296,0.5064286023947486,0.5438480774935498,0.4970737336200483
LSTM|40.0|3.0|60.0|150.0|16-64:16|2048.0,rssi_odom_dataset_11apr25_isolado.parquet→rssi_odom_dataset_12apr25_isolado,3.0,0.25108572747130187,Result_2DS_1112DS_FatFrac_agpd.xlsx,75,LSTM,40.0,3.0,60.0,150.0,16-64:16,2048.0,0.5419624776865698,-0.29087675021526793,0.5512715660629082,0.5417501815463738,0.5893571041290457
GRU|40.0|10.0|60.0|150.0|16-64:16|2048.0,rssi_odom_dataset_11apr25_isolado.parquet→rssi_odom_dataset_12apr25_isolado,10.0,0.6741449138979702,Result_2DS_1112DS_FatFrac_agpd.xlsx,250,GRU,40.0,10.0,60.0,150.0,16-64:16,2048.0,0.703676901899737,-0.029531988001766818,0.6114379437400872,0.6105036891491499,0.6151749621038366
LSTM|100.0|10.0|60.0|150.0|16-64:16|1024.0,rssi_odom_dataset_11apr25_isolado.parquet→rssi_odom_dataset_12apr25_isolado,10.0,0.6599571219854956,Result_2DS_1112DS_FatFrac_agpd.xlsx,100,LSTM,100.0,10.0,60.0,150.0,16-64:16,1024.0,0.1866627409784314,0.4732943810070642,0.5465067410499209,0.6082522194104127,0.531070371459798
GRU|40.0|3.0|120.0|20.0|16-64:16|2048.0,rssi_odom_dataset_11apr25_isolado.parquet→rssi_odom_dataset_12apr25_isolado,3.0,0.2170228393466115,Result_2DS_1112DS_FatFrac_agpd.xlsx,75,GRU,40.0,3.0,120.0,20.0,16-64:16,2048.0,0.1985206159595124,0.018502223387099115,0.5336523488655103,0.5361075090984105,0.5330385588072852
GRU|40.0|3.0|60.0|20.0|64-256:64|8192.0,rssi_odom_dataset_11apr25_isolado.parquet→rssi_odom_dataset_12apr25_isolado,3.0,0.1372267705853214,Result_2DS_1112DS_FatFrac_agpd.xlsx,75,GRU,40.0,3.0,60.0,20.0,64-256:64,8192.0,-0.6606402324904365,0.7978670030757579,0.41788245477138747,0.522855190270566,0.39163927089659284
GRU|40.0|10.0|120.0|20.0|64-256:64|2048.0,rssi_odom_dataset_11apr25_isolado.parquet→rssi_odom_dataset_12apr25_isolado,10.0,0.5960325754512493,Result_2DS_1112DS_FatFrac_agpd.xlsx,250,GRU,40.0,10.0,120.0,20.0,64-256:64,2048.0,0.28983487635358174,0.3061976990976676,0.5581352668909877,0.5980520169778004,0.5481560793692845
LSTM|40.0|10.0|120.0|20.0|16-64:16|8192.0,rssi_odom_dataset_11apr25_isolado.parquet→rssi_odom_dataset_12apr25_isolado,10.0,0.532499057056072,Result_2DS_1112DS_FatFrac_agpd.xlsx,250,LSTM,40.0,10.0,120.0,20.0,16-64:16,8192.0,-3.347003305334,3.8795023623900717,0.19514317927572478,0.5878293861744455,0.09697162755104456
GRU|40.0|3.0|120.0|150.0|16-64:16|256.0,rssi_odom_dataset_11apr25_isolado.parquet→rssi_odom_dataset_12apr25_isolado,3.0,0.025093316004157182,Result_2DS_1112DS_FatFrac_agpd.xlsx,75,GRU,40.0,3.0,120.0,150.0,16-64:16,256.0,0.05170804019711332,-0.02661472419295614,0.5050691281192423,0.5041821218020557,0.5086171533879892
LSTM|100.0|10.0|60.0|20.0|16-64:16|2048.0,rssi_odom_dataset_11apr25_isolado.parquet→rssi_odom_dataset_12apr25_isolado,10.0,0.5037956896408308,Result_2DS_1112DS_FatFrac_agpd.xlsx,100,LSTM,100.0,10.0,60.0,20.0,16-64:16,2048.0,0.5818095840793194,-0.0780138944384886,0.585702467439433,0.5831854402596223,0.595770576158676
LSTM|100.0|3.0|60.0|150.0|64-256:64|256.0,rssi_odom_dataset_11apr25_isolado.parquet→rssi_odom_dataset_12apr25_isolado,3.0,0.005158828450740143,Result_2DS_1112DS_FatFrac_agpd.xlsx,30,LSTM,100.0,3.0,60.0,150.0,64-256:64,256.0,0.44382140982863155,-0.43866258137789144,0.5153748972953294,0.5008598038942939,0.5734352708994713
GRU|40.0|3.0|60.0|20.0|64-256:64|2048.0,rssi_odom_dataset_11apr25_isolado.parquet→rssi_odom_dataset_12apr25_isolado,3.0,0.006381002054514482,Result_2DS_1112DS_FatFrac_agpd.xlsx,75,GRU,40.0,3.0,60.0,20.0,64-256:64,2048.0,0.29685940899828717,-0.2904784069437727,0.5107139412329811,0.5010634987386167,0.5493157112104382
GRU|40.0|10.0|60.0|20.0|16-64:16|256.0,rssi_odom_dataset_11apr25_isolado.parquet→rssi_odom_dataset_12apr25_isolado,10.0,0.47886494693847886,Result_2DS_1112DS_FatFrac_agpd.xlsx,250,GRU,40.0,10.0,60.0,20.0,16-64:16,256.0,0.6798387314108206,-0.20097378447234177,0.5855930470974212,0.5791398270014438,0.6114059274813308
GRU|40.0|10.0|120.0|20.0|64-256:64|8192.0,rssi_odom_dataset_11apr25_isolado.parquet→rssi_odom_dataset_12apr25_isolado,10.0,0.44033814950545197,Result_2DS_1112DS_FatFrac_agpd.xlsx,250,GRU,40.0,10.0,120.0,20.0,64-256:64,8192.0,-0.029793355618530356,0.47013150512398233,0.5106011139286063,0.572867153762762,0.4950346039700674
GRU|100.0|3.0|120.0|150.0|64-256:64|1024.0,rssi_odom_dataset_11apr25_isolado.parquet→rssi_odom_dataset_12apr25_isolado,3.0,-0.13152936600274714,Result_2DS_1112DS_FatFrac_agpd.xlsx,30,GRU,100.0,3.0,120.0,150.0,64-256:64,1024.0,0.28796533134358215,-0.41949469734632927,0.49204345145377576,0.4780924742243509,0.547847360371475
LSTM|100.0|3.0|120.0|150.0|16-64:16|256.0,rssi_odom_dataset_11apr25_isolado.parquet→rssi_odom_dataset_12apr25_isolado,3.0,-0.14123616358327828,Result_2DS_1112DS_FatFrac_agpd.xlsx,30,LSTM,100.0,3.0,120.0,150.0,16-64:16,256.0,0.20669297659306685,-0.34792914017634513,0.488061296838735,0.47647801492506886,0.5343944244933996
LSTM|100.0|10.0|120.0|20.0|64-256:64|8192.0,rssi_odom_dataset_11apr25_isolado.parquet→rssi_odom_dataset_12apr25_isolado,10.0,0.3685868438498092,Result_2DS_1112DS_FatFrac_agpd.xlsx,100,LSTM,100.0,10.0,120.0,20.0,64-256:64,8192.0,0.6402045853343585,-0.2716177414845493,0.5699211154630363,0.5611238918013258,0.6051100101098777
GRU|40.0|10.0|60.0|20.0|16-64:16|8192.0,rssi_odom_dataset_11apr25_isolado.parquet→rssi_odom_dataset_12apr25_isolado,10.0,0.3413838424527765,Result_2DS_1112DS_FatFrac_agpd.xlsx,250,GRU,40.0,10.0,60.0,20.0,16-64:16,8192.0,0.14098319546401578,0.2004006469887607,0.5301145296360521,0.5566529807254093,0.5234799168637129
LSTM|40.0|3.0|120.0|20.0|64-256:64|256.0,rssi_odom_dataset_11apr25_isolado.parquet→rssi_odom_dataset_12apr25_isolado,3.0,-0.22847475847310897,Result_2DS_1112DS_FatFrac_agpd.xlsx,75,LSTM,40.0,3.0,120.0,20.0,64-256:64,256.0,0.34962277296703104,-0.57809753144014,0.48119707543844786,0.4619943238387577,0.5580080818372085
LSTM|100.0|10.0|60.0|150.0|16-64:16|8192.0,rssi_odom_dataset_11apr25_isolado.parquet→rssi_odom_dataset_12apr25_isolado,10.0,0.29686134602314734,Result_2DS_1112DS_FatFrac_agpd.xlsx,100,LSTM,100.0,10.0,60.0,150.0,16-64:16,8192.0,0.804074974805621,-0.5072136287824736,0.5656314378621098,0.5493160309072808,0.6308930656814257
LSTM|40.0|10.0|120.0|20.0|16-64:16|1024.0,rssi_odom_dataset_11apr25_isolado.parquet→rssi_odom_dataset_12apr25_isolado,10.0,0.25794824579303116,Result_2DS_1112DS_FatFrac_agpd.xlsx,250,LSTM,40.0,10.0,120.0,20.0,16-64:16,1024.0,0.4153311499171726,-0.15738290412414147,0.5480651873211196,0.5428857411172422,0.5687829721366298
GRU|100.0|3.0|60.0|20.0|16-64:16|2048.0,rssi_odom_dataset_11apr25_isolado.parquet→rssi_odom_dataset_12apr25_isolado,3.0,-0.3659088306444992,Result_2DS_1112DS_FatFrac_agpd.xlsx,30,GRU,100.0,3.0,60.0,20.0,16-64:16,2048.0,-1.740651619385621,1.3747427887411217,0.2787338514868639,0.43931582133011304,0.23858835902605163
LSTM|40.0|3.0|120.0|150.0|64-256:64|1024.0,rssi_odom_dataset_11apr25_isolado.parquet→rssi_odom_dataset_12apr25_isolado,3.0,-0.3691373781632963,Result_2DS_1112DS_FatFrac_agpd.xlsx,75,LSTM,40.0,3.0,120.0,150.0,64-256:64,1024.0,-0.2555874570608204,-0.11354992110247586,0.44252955166962804,0.4387857257536331,0.4575048553336077
GRU|100.0|10.0|120.0|150.0|16-64:16|2048.0,rssi_odom_dataset_11apr25_isolado.parquet→rssi_odom_dataset_12apr25_isolado,10.0,0.1951785824790094,Result_2DS_1112DS_FatFrac_agpd.xlsx,100,GRU,100.0,10.0,120.0,150.0,16-64:16,2048.0,0.5994967884281595,-0.40431820594915,0.5457085669205601,0.5324839446207935,0.5986070561196262
LSTM|40.0|10.0|60.0|20.0|64-256:64|1024.0,rssi_odom_dataset_11apr25_isolado.parquet→rssi_odom_dataset_12apr25_isolado,10.0,0.19638129100176047,Result_2DS_1112DS_FatFrac_agpd.xlsx,250,LSTM,40.0,10.0,60.0,20.0,64-256:64,1024.0,0.444746109050977,-0.24836481804921653,0.5408640470418143,0.532683544761117,0.5735860561646035
GRU|40.0|3.0|120.0|20.0|16-64:16|8192.0,rssi_odom_dataset_11apr25_isolado.parquet→rssi_odom_dataset_12apr25_isolado,3.0,-0.4085377610274582,Result_2DS_1112DS_FatFrac_agpd.xlsx,75,GRU,40.0,3.0,120.0,20.0,16-64:16,8192.0,-5.363813298332589,4.955275537305131,0.1082486358738894,0.4323281767940408,0.027228750643851524
LSTM|40.0|3.0|60.0|150.0|16-64:16|8192.0,rssi_odom_dataset_11apr25_isolado.parquet→rssi_odom_dataset_12apr25_isolado,3.0,-0.4359654351052824,Result_2DS_1112DS_FatFrac_agpd.xlsx,75,LSTM,40.0,3.0,60.0,150.0,16-64:16,8192.0,0.2471042405871489,-0.6830696756924313,0.4504952746571268,0.4278463047095539,0.5410911544474183
LSTM|100.0|10.0|120.0|20.0|64-256:64|256.0,rssi_odom_dataset_11apr25_isolado.parquet→rssi_odom_dataset_12apr25_isolado,10.0,0.1548117050156439,Result_2DS_1112DS_FatFrac_agpd.xlsx,100,LSTM,100.0,10.0,120.0,20.0,64-256:64,256.0,-0.5458108690158957,0.7006225740315396,0.4331735147594508,0.5257790719952207,0.41002212545050837
LSTM|40.0|3.0|120.0|20.0|64-256:64|8192.0,rssi_odom_dataset_11apr25_isolado.parquet→rssi_odom_dataset_12apr25_isolado,3.0,-0.575067679425557,Result_2DS_1112DS_FatFrac_agpd.xlsx,75,LSTM,40.0,3.0,120.0,20.0,64-256:64,8192.0,-1.2047537724264377,0.6296860930008806,0.3285408698146662,0.40531231441069054,0.3093480086656601
LSTM|40.0|3.0|60.0|150.0|16-64:16|1024.0,rssi_odom_dataset_11apr25_isolado.parquet→rssi_odom_dataset_12apr25_isolado,3.0,-0.597148443728278,Result_2DS_1112DS_FatFrac_agpd.xlsx,75,LSTM,40.0,3.0,60.0,150.0,16-64:16,1024.0,0.21458534061347465,-0.8117337843417527,0.4285560069732747,0.40176917014632246,0.5357033542810836
GRU|100.0|10.0|60.0|150.0|64-256:64|256.0,rssi_odom_dataset_11apr25_isolado.parquet→rssi_odom_dataset_12apr25_isolado,10.0,0.041769603974328585,Result_2DS_1112DS_FatFrac_agpd.xlsx,100,GRU,100.0,10.0,60.0,150.0,64-256:64,256.0,0.21230853171545092,-0.17053892774112234,0.5126340808032092,0.5069611508489936,0.5353258006200711
LSTM|40.0|10.0|60.0|20.0|64-256:64|2048.0,rssi_odom_dataset_11apr25_isolado.parquet→rssi_odom_dataset_12apr25_isolado,10.0,-0.09342159210529753,Result_2DS_1112DS_FatFrac_agpd.xlsx,250,LSTM,40.0,10.0,60.0,20.0,64-256:64,2048.0,0.1556782404471762,-0.24909983255247375,0.49273243425827,0.48443476569585703,0.5259231085079221
GRU|40.0|10.0|120.0|20.0|64-256:64|256.0,rssi_odom_dataset_11apr25_isolado.parquet→rssi_odom_dataset_12apr25_isolado,10.0,-0.10660793167811153,Result_2DS_1112DS_FatFrac_agpd.xlsx,250,GRU,40.0,10.0,120.0,20.0,64-256:64,256.0,0.6905396348482942,-0.7971475665264057,0.5084114928118106,0.4822394867833138,0.6130995169257982
GRU|40.0|10.0|60.0|150.0|16-64:16|1024.0,rssi_odom_dataset_11apr25_isolado.parquet→rssi_odom_dataset_12apr25_isolado,10.0,-0.3175048296062649,Result_2DS_1112DS_FatFrac_agpd.xlsx,250,GRU,40.0,10.0,60.0,150.0,16-64:16,1024.0,-0.11417433276783098,-0.20333049683843393,0.4540194045057074,0.44727922398899206,0.48098012657256856
LSTM|100.0|10.0|120.0|150.0|64-256:64|1024.0,rssi_odom_dataset_11apr25_isolado.parquet→rssi_odom_dataset_12apr25_isolado,10.0,-0.3636207555155849,Result_2DS_1112DS_FatFrac_agpd.xlsx,100,LSTM,100.0,10.0,120.0,150.0,64-256:64,1024.0,0.5489560332070641,-0.912576788722649,0.4698502670883489,0.4396915845646938,0.590484997182969
GRU|100.0|10.0|60.0|20.0|64-256:64|2048.0,rssi_odom_dataset_11apr25_isolado.parquet→rssi_odom_dataset_12apr25_isolado,10.0,-0.4226008873582545,Result_2DS_1112DS_FatFrac_agpd.xlsx,100,GRU,100.0,10.0,60.0,20.0,64-256:64,2048.0,0.3873523479590856,-0.8099532353173401,0.45686345438401277,0.4300287326311617,0.5642023413954171
GRU|100.0|10.0|120.0|150.0|16-64:16|256.0,rssi_odom_dataset_11apr25_isolado.parquet→rssi_odom_dataset_12apr25_isolado,10.0,-0.43774937303384254,Result_2DS_1112DS_FatFrac_agpd.xlsx,100,GRU,100.0,10.0,120.0,150.0,16-64:16,256.0,0.06352997471064815,-0.5012793477444907,0.44416150802432336,0.4275551983752631,0.5105867466205642
LSTM|40.0|10.0|120.0|150.0|16-64:16|2048.0,rssi_odom_dataset_11apr25_isolado.parquet→rssi_odom_dataset_12apr25_isolado,10.0,-0.4535842196821476,Result_2DS_1112DS_FatFrac_agpd.xlsx,250,LSTM,40.0,10.0,120.0,150.0,16-64:16,2048.0,0.062303845934066564,-0.5158880656162141,0.44205526366233144,0.4249734591569486,0.5103824816838627
LSTM|40.0|10.0|60.0|150.0|64-256:64|256.0,rssi_odom_dataset_11apr25_isolado.parquet→rssi_odom_dataset_12apr25_isolado,10.0,-0.4930100020668103,Result_2DS_1112DS_FatFrac_agpd.xlsx,250,LSTM,40.0,10.0,60.0,150.0,64-256:64,256.0,-0.1257449499277481,-0.3672650521390622,0.43066171956172083,0.4185634562287655,0.4790547728935421
LSTM|40.0|10.0|120.0|150.0|16-64:16|256.0,rssi_odom_dataset_11apr25_isolado.parquet→rssi_odom_dataset_12apr25_isolado,10.0,-1.081161400450234,Result_2DS_1112DS_FatFrac_agpd.xlsx,250,LSTM,40.0,10.0,120.0,150.0,16-64:16,256.0,-0.3203672548680653,-0.7607941455821686,0.3511395064371141,0.3272225068590629,0.4468075047493189
GRU|40.0|10.0|120.0|150.0|64-256:64|1024.0,rssi_odom_dataset_11apr25_isolado.parquet→rssi_odom_dataset_12apr25_isolado,10.0,-1.2788213823271541,Result_2DS_1112DS_FatFrac_agpd.xlsx,250,GRU,40.0,10.0,120.0,150.0,64-256:64,1024.0,-0.16106568836845278,-1.1177556939587014,0.3337552690664003,0.29889871597304074,0.4731814814398384
GRU|100.0|10.0|120.0|150.0|16-64:16|8192.0,rssi_odom_dataset_11apr25_isolado.parquet→rssi_odom_dataset_12apr25_isolado,10.0,-1.5587888713421918,Result_2DS_1112DS_FatFrac_agpd.xlsx,100,GRU,100.0,10.0,120.0,150.0,16-64:16,8192.0,-1.347876158405432,-0.21091271293675984,0.2669129630136488,0.26130581601892805,0.289341550992532
LSTM|100.0|3.0|120.0|150.0|16-64:16|8192.0,rssi_odom_dataset_11apr25_isolado.parquet→rssi_odom_dataset_12apr25_isolado,3.0,-3.109532160245244,Result_2DS_1112DS_FatFrac_agpd.xlsx,30,LSTM,100.0,3.0,120.0,150.0,16-64:16,8192.0,-2.5120148054261286,-0.5975173548191153,0.1209577582050578,0.11174678010677834,0.15780167059817563
LSTM|40.0|10.0|60.0|20.0|64-256:64|8192.0,rssi_odom_dataset_11apr25_isolado.parquet→rssi_odom_dataset_12apr25_isolado,10.0,-5.196207465417314,Result_2DS_1112DS_FatFrac_agpd.xlsx,250,LSTM,40.0,10.0,60.0,20.0,64-256:64,8192.0,-1.8753455436144975,-3.320861921802816,0.0688120612382844,0.03035001041366116,0.22266026453677726
